BasedOn.Code,ConfigureDuringSale,Description,Family,IsActive,IsAssetizable,IsSoldOnlyWithOtherProds,Name,ProductCode,StockKeepingUnit,Type
DS-PC-V5-ONPREM,Allowed,"DELMIA V5 > DELMIA PROCESS & RESOURCE PLAN DEFINITION > Process Detailing. Concurrent license, Configuration, Version 5.",DELMIA V5,true,true,false,DELMIA - DPM Assembly 2 Configuration,AP2,5CC-AP2,
DS-PC-V5-ONPREM,Allowed,"DELMIA V5 > DELMIA FACTORY DEFINITION & SIMULATION > Robotics. Add-On license, Add-On, Version 5.",DELMIA V5,true,true,false,DELMIA - Arc Welding 2 Product,ARW,5AP-ARW,
DS-PC-V5-ONPREM,Allowed,"DELMIA V5 > DELMIA PROCESS & RESOURCE PLAN DEFINITION > Process Detailing. Concurrent license, Configuration, Version 5.",DELMIA V5,true,true,false,DELMIA - DPM Body In White 2 Configuration,BP2,5CC-BP2,
DS-PC-V5-ONPREM,Allowed,"DELMIA V5 > DELMIA FACTORY DEFINITION & SIMULATION > Factory Layout. Add-On license, Add-On, Version 5.",DELMIA V5,true,true,false,DELMIA - Device Building 2 Product,DBG,5AP-DBG,
DS-PC-V5-ONPREM,Allowed,"DELMIA V5 > DELMIA V5 Packages > DELMIA V5 Packages. Add-On license, Package, Version 5.",DELMIA V5,true,true,false,DELMIA - Geometry Tool Set,GTS,5AB-GTS,
DS-PC-V5-ONPREM,Allowed,"DELMIA V5 > DELMIA FACTORY DEFINITION & SIMULATION > Robotics. Add-On license, Add-On, Version 5.",DELMIA V5,true,true,false,DELMIA - Electrical 3D Design & Documentation 1 Product,MEC,5AP-MEC,
DS-PC-V5-ONPREM,Allowed,"DELMIA V5 > DELMIA FACTORY DEFINITION & SIMULATION > Factory Layout. Add-On license, Add-On, Version 5.",DELMIA V5,true,true,false,DELMIA - Equipment Arrangement Product,MEQ,5AP-MEQ,
DS-PC-V5-ONPREM,Allowed,"DELMIA V5 > DELMIA FACTORY DEFINITION & SIMULATION > Ergonomics. Add-On license, Add-On, Version 5.",DELMIA V5,true,true,false,DELMIA - Human Activity Analysis 2 Product,MHA,5AP-MHA,
DS-PC-V5-ONPREM,Allowed,"DELMIA V5 > DELMIA FACTORY DEFINITION & SIMULATION > Ergonomics. Add-On license, Add-On, Version 5.",DELMIA V5,true,true,false,DELMIA - Human Builder 2 Product,MHB,5AP-MHB,
DS-PC-V5-ONPREM,Allowed,"DELMIA V5 > DELMIA FACTORY DEFINITION & SIMULATION > Factory DMU Solutions. Add-On license, Add-On, Version 5.",DELMIA V5,true,true,false,DELMIA - DMU Dimensioning & Tolerancing Review 1 Product,MTR,5AP-MTR,
DS-PC-V5-ONPREM,Allowed,"DELMIA V5 > DELMIA PROCESS & RESOURCE PLAN DEFINITION > Process Detailing. Add-On license, Add-On, Version 5.",DELMIA V5,true,true,false,DELMIA - Machining Tolerancing Assistant 2 Product,MTT,5AP-MTT,
DS-PC-V5-ONPREM,Allowed,"DELMIA V5 > DELMIA FACTORY DEFINITION & SIMULATION > Robotics. Concurrent license, Configuration, Version 5.",DELMIA V5,true,true,false,DELMIA - Robotics Simulation 2 Configuration,WL2,5CC-WL2,
DS-PC-3DX-ONPREM,Allowed,"Design/Engineering > Design & Engineering for Products & Systems > Multi-Discipline Engineering. Named User license, Package, V6.",Design/Engineering,true,true,false,Accommodation Designer for Marine and Offshore,ACDEM,6NB-ACDEM,
DS-PC-3DX-ONPREM,Allowed,"Design/Engineering > Systems Engineering & V+R Testing > Model Based Systems Design. Named User license, Named User, V6.",Design/Engineering,true,true,false,Process modeling and Engineering Library,ASZ,6NP-ASZ,
DS-PC-3DX-ONPREM,Allowed,"Design/Engineering > Construction Engineering > Integrated Design for Construction. Named User license, Named User, V6.",Design/Engineering,true,true,false,Building and Civil 3D MEP Designer,BCMEC,6NP-BCMEC,
DS-PC-3DX-ONPREM,Allowed,"Design/Engineering > Design & Engineering for Products & Systems > Mechanical Engineering. Named User license, Named User, V6.",Design/Engineering,true,true,false,Body Structure Designer,BODET,6NP-BODET,
DS-PC-3DX-ONPREM,Allowed,"Design/Engineering > Systems Engineering & V+R Testing > Model Based Systems Design. Named User license, Named User, V6.",Design/Engineering,true,true,false,Systems Battery Library,BTZ,6NP-BTZ,
DS-PC-3DX-ONPREM,Allowed,"Design/Engineering > Systems Engineering & V+R Testing > Model Based Systems Design. Named User license, Named User, V6.",Design/Engineering,true,true,false,Systems Brushless DC Drives Library,DCZ,6NP-DCZ,
DS-PC-3DX-ONPREM,Allowed,"Design/Engineering > Design & Engineering for Products & Systems > Electrical & Fluids Engineering. Named User license, Named User, V6. Also sold as: Electrical 3D Design Engineering.",Design/Engineering,true,true,false,Electrical 3D Systems Designer,ELG,6NP-ELG,
DS-PC-3DX-ONPREM,Allowed,"Design/Engineering > Design & Engineering for Products & Systems > Multi-Discipline Engineering. Credit Base license, Package, V6.",Design/Engineering,true,true,false,Generative Functional Tolerancing Credit Pack,GFC-M,6TB-GFC-M,
DS-PC-3DX-ONPREM,Allowed,"Design/Engineering > Design & Engineering for Products & Systems > Multi-Discipline Engineering. Named User license, Named User, V6.",Design/Engineering,true,true,false,Consumer Products Composites Manufacturing Engineer,SGCML,6NP-SGCML,
DS-PC-3DX-ONPREM,Allowed,"Governance/Lifecycle > Planning > Program and Project Performance & Execution. Named User license, Named User, V6. Also sold as: Change Management.",Governance/Lifecycle,true,true,false,Change Manager,CHG,6NP-CHG,
DS-PC-3DX-ONPREM,Allowed,"Governance/Lifecycle > Collaboration & Intelligence > Structured Collaboration & Collaborative Content. Named User license, Named User, V6. Also sold as: Collaborative Sharing; Industry Innovation; Platform Contributor.",Governance/Lifecycle,true,true,false,Collaborative Industry Innovator,CSV,6NP-CSV,
DS-PC-3DX-ONPREM,Allowed,"Governance/Lifecycle > Planning > Program and Project Performance & Execution. Named User license, Named User, V6. Also sold as: Deliverables-based Program Management.",Governance/Lifecycle,true,true,false,Project Manager,DPM,6NP-DPM,
DS-PC-3DX-ONPREM,Allowed,"Governance/Lifecycle > Collaboration & Intelligence > Structured Collaboration & Collaborative Content. Named User license, Package, V6. Also sold as: Collaborative Business & Industry Innovator; Collaborative Sharing; Platform Contributor.",Governance/Lifecycle,true,true,false,Business & Industry Innovation,PCS,6NB-PCS,
DS-PC-3DX-ONPREM,Allowed,"Governance/Lifecycle > Collaboration & Intelligence > Structured Collaboration & Collaborative Content. Casual Named User license, Package, V6. Also sold as: Collaborative Business & Industry Innovator; Platform Contributor.",Governance/Lifecycle,true,true,false,Business & Industry Innovation,PCS-K,6KB-PCS-K,
DS-PC-3DX-CLOUD,Allowed,"Public Cloud Design/Engineering > Design & Engineering for Products & Systems > Multi-Discipline Engineering. Named User license, Package, V6.",Public Cloud Design/Engineering,true,true,false,Accommodation Designer for Marine and Offshore,ACDEM-OC,6NB-ACDEM-OC,
DS-PC-3DX-CLOUD,Allowed,"Public Cloud Design/Engineering > Systems Engineering & V+R Testing > Model Based Systems Design. Named User license, Named User, V6.",Public Cloud Design/Engineering,true,true,false,Process modeling and Engineering Library,ASZ-OC,6NP-ASZ-OC,
DS-PC-3DX-CLOUD,Allowed,"Public Cloud Design/Engineering > Construction Engineering > Integrated Design for Construction. Named User license, Named User, V6.",Public Cloud Design/Engineering,true,true,false,Building and Civil 3D MEP Designer,BCMEC-OC,6NP-BCMEC-OC,
DS-PC-3DX-CLOUD,Allowed,"Public Cloud Design/Engineering > Systems Engineering & V+R Testing > Model Based Systems Design. Named User license, Named User, V6.",Public Cloud Design/Engineering,true,true,false,Systems Battery Library,BTZ-OC,6NP-BTZ-OC,
DS-PC-3DX-CLOUD,Allowed,"Public Cloud Design/Engineering > Systems Engineering & V+R Testing > Model Based Systems Design. Named User license, Named User, V6.",Public Cloud Design/Engineering,true,true,false,Systems Brushless DC Drives Library,DCZ-OC,6NP-DCZ-OC,
DS-PC-3DX-CLOUD,Allowed,"Public Cloud Design/Engineering > Design & Engineering for Products & Systems > Electrical & Fluids Engineering. Named User license, Named User, V6. Also sold as: Electrical 3D Design Engineering.",Public Cloud Design/Engineering,true,true,false,Electrical 3D Systems Designer,ELG-OC,6NP-ELG-OC,
DS-PC-3DX-CLOUD,Allowed,"Public Cloud Design/Engineering > Design & Engineering for Products & Systems > Multi-Discipline Engineering. Credit Base license, Package, V6.",Public Cloud Design/Engineering,true,true,false,Generative Functional Tolerancing Credit Pack,GFC-M-OC,6TB-GFC-M-OC,
DS-PC-3DX-CLOUD,Allowed,"Public Cloud Design/Engineering > Design & Engineering for Products & Systems > Multi-Discipline Engineering. Named User license, Named User, V6.",Public Cloud Design/Engineering,true,true,false,Consumer Products Composites Manufacturing Engineer,SGCML-OC,6NP-SGCML-OC,
DS-PC-3DX-CLOUD,Allowed,"Public Cloud Governance/Lifecycle > Planning > Program and Project Performance & Execution. Named User license, Named User, V6. Also sold as: Change Management.",Public Cloud Governance/Lifecycle,true,true,false,Change Manager,CHG-OC,6NP-CHG-OC,
DS-PC-3DX-CLOUD,Allowed,"Public Cloud Governance/Lifecycle > Collaboration & Intelligence > Structured Collaboration & Collaborative Content. Named User license, Named User, V6. Also sold as: Collaborative Sharing; ENOVIA Collaborative Sharing; Industry Innovation; Platform Contributor.",Public Cloud Governance/Lifecycle,true,true,false,Collaborative Industry Innovator,CSV-OC,6NP-CSV-OC,
DS-PC-3DX-CLOUD,Allowed,"Public Cloud Governance/Lifecycle > Planning > Program and Project Performance & Execution. Named User license, Named User, V6. Also sold as: Deliverables-based Program Management; ENOVIA Deliverables-based Program Management.",Public Cloud Governance/Lifecycle,true,true,false,Project Manager,DPM-OC,6NP-DPM-OC,
DS-PC-3DX-CLOUD,Allowed,"Public Cloud Governance/Lifecycle > Collaboration & Intelligence > Structured Collaboration & Collaborative Content. Casual Named User license, Package, V6. Also sold as: Collaborative Business & Industry Innovator; Platform Contributor.",Public Cloud Governance/Lifecycle,true,true,false,Business & Industry Innovation,PCS-K-OC,6KB-PCS-K-OC,
DS-PC-3DX-CLOUD,Allowed,"Public Cloud Governance/Lifecycle > Collaboration & Intelligence > Structured Collaboration & Collaborative Content. Named User license, Package, V6. Also sold as: Collaborative Business & Industry Innovator; Collaborative Sharing; Platform Contributor.",Public Cloud Governance/Lifecycle,true,true,false,Business & Industry Innovation,PCS-OC,6NB-PCS-OC,
DS-PC-3DX-ONPREM,Allowed,Design/Engineering (On Premise). Listed in the Industry Portfolio only; no reference-portfolio price in the source workbook.,Design/Engineering,true,true,false,Electrical Cabling 3D System Engineer,ECB,6NB-ECB,
DS-PC-3DX-ONPREM,Allowed,Design/Engineering (On Premise). Listed in the Industry Portfolio only; no reference-portfolio price in the source workbook.,Design/Engineering,true,true,false,Engineering Intent Manager,EIM,6NP-EIM,
DS-PC-3DX-ONPREM,Allowed,Design/Engineering (On Premise). Listed in the Industry Portfolio only; no reference-portfolio price in the source workbook.,Design/Engineering,true,true,false,Electrical 3D Systems Designer,ELG,6CP-ELG,
DS-PC-3DX-ONPREM,Allowed,Design/Engineering (On Premise). Listed in the Industry Portfolio only; no reference-portfolio price in the source workbook.,Design/Engineering,true,true,false,Electrical 3D & Manufacturing Engineer,ELM,6NB-ELM,
DS-PC-3DX-ONPREM,Allowed,Design/Engineering (On Premise). Listed in the Industry Portfolio only; no reference-portfolio price in the source workbook.,Design/Engineering,true,true,false,Electrical Manufacturing Engineer,ELX,6NP-ELX,
DS-PC-3DX-ONPREM,Allowed,Design/Engineering (On Premise). Listed in the Industry Portfolio only; no reference-portfolio price in the source workbook.,Design/Engineering,true,true,false,Electrical Manufacturing Engineer,ELX,6CP-ELX,
DS-PC-3DX-ONPREM,Allowed,Design/Engineering (On Premise). Listed in the Industry Portfolio only; no reference-portfolio price in the source workbook.,Design/Engineering,true,true,false,Systems Electric Power Library,EWZ,6NP-EWZ,
DS-PC-3DX-ONPREM,Allowed,Design/Engineering (On Premise). Listed in the Industry Portfolio only; no reference-portfolio price in the source workbook.,Design/Engineering,true,true,false,Systems Electric Power Library,EWZ,6CP-EWZ,
DS-PC-3DX-ONPREM,Allowed,Design/Engineering (On Premise). Listed in the Industry Portfolio only; no reference-portfolio price in the source workbook.,Design/Engineering,true,true,false,Report Template Administrator,RGD,6NP-RGD,
DS-PC-3DX-ONPREM,Allowed,Design/Engineering (On Premise). Listed in the Industry Portfolio only; no reference-portfolio price in the source workbook.,Design/Engineering,true,true,false,Multidiscipline Schematic Designer,SHE,6NP-SHE,
DS-PC-3DX-ONPREM,Allowed,Design/Engineering (On Premise). Listed in the Industry Portfolio only; no reference-portfolio price in the source workbook.,Design/Engineering,true,true,false,Multidiscipline Schematic Designer,SHE,6CP-SHE,
DS-PC-3DX-ONPREM,Allowed,Design/Engineering (On Premise). Listed in the Industry Portfolio only; no reference-portfolio price in the source workbook.,Design/Engineering,true,true,false,Dynamic Systems Engineer,SNK,6NB-SNK,
DS-PC-3DX-ONPREM,Allowed,Design/Engineering (On Premise). Listed in the Industry Portfolio only; no reference-portfolio price in the source workbook.,Design/Engineering,true,true,false,3D Tolerancing & Annotation Designer,TAD,6NP-TAD,
DS-PC-3DX-ONPREM,Allowed,Design/Engineering (On Premise). Listed in the Industry Portfolio only; no reference-portfolio price in the source workbook.,Design/Engineering,true,true,false,3D Tolerancing & Annotation Designer,TAD,6CP-TAD,
DS-PC-3DX-ONPREM,Allowed,Design/Engineering (On Premise). Listed in the Industry Portfolio only; no reference-portfolio price in the source workbook.,Design/Engineering,true,true,false,Templates & Rules Designer,TER,6NP-TER,
DS-PC-3DX-ONPREM,Allowed,Design/Engineering (On Premise). Listed in the Industry Portfolio only; no reference-portfolio price in the source workbook.,Design/Engineering,true,true,false,Templates & Rules Designer,TER,6CP-TER,
DS-PC-3DX-ONPREM,Allowed,Design/Engineering (On Premise). Listed in the Industry Portfolio only; no reference-portfolio price in the source workbook.,Design/Engineering,true,true,false,Systems Schematic Engineer,TIC,6NB-TIC,
DS-PC-3DX-ONPREM,Allowed,Governance/Lifecycle (On Premise). Listed in the Industry Portfolio only; no reference-portfolio price in the source workbook.,Governance/Lifecycle,true,true,false,Requirements Engineer,TRM,6NP-TRM,
DS-PC-3DX-ONPREM,Allowed,Governance/Lifecycle (On Premise). Listed in the Industry Portfolio only; no reference-portfolio price in the source workbook.,Governance/Lifecycle,true,true,false,Classification Manager,CCM,6NP-CCM,
DS-PC-3DX-ONPREM,Allowed,Business Analytics (On Premise). Listed in the Industry Portfolio only; no reference-portfolio price in the source workbook.,Business Analytics,true,true,false,Change Intelligence Consumer,CIU,6NP-CIU,
DS-PC-3DX-ONPREM,Allowed,Business Analytics (On Premise). Listed in the Industry Portfolio only; no reference-portfolio price in the source workbook.,Business Analytics,true,true,false,Issue Intelligence Consumer,IIU,6NP-IIU,
DS-PC-3DX-CLOUD,Allowed,Public Cloud Governance/Lifecycle (Public Cloud). Listed in the Industry Portfolio only; no reference-portfolio price in the source workbook.,Public Cloud Governance/Lifecycle,true,true,false,Business Process Task Credits Pack,BPK-OC,6TP-BPK-OC,
DS-PC-3DX-CLOUD,Allowed,Public Cloud Governance/Lifecycle (Public Cloud). Listed in the Industry Portfolio only; no reference-portfolio price in the source workbook.,Public Cloud Governance/Lifecycle,true,true,false,Business Process Player,BPO-OC,6NP-BPO-OC,
DS-PC-3DX-CLOUD,Allowed,Public Cloud Governance/Lifecycle (Public Cloud). Listed in the Industry Portfolio only; no reference-portfolio price in the source workbook.,Public Cloud Governance/Lifecycle,true,true,false,Business Process Designer,BPR-OC,6NP-BPR-OC,
DS-PC-3DX-CLOUD,Allowed,Public Cloud Governance/Lifecycle (Public Cloud). Listed in the Industry Portfolio only; no reference-portfolio price in the source workbook.,Public Cloud Governance/Lifecycle,true,true,false,Business Process Analyst,BPW-OC,6NP-BPW-OC,
DS-PC-3DX-CLOUD,Allowed,Public Cloud Governance/Lifecycle (Public Cloud). Listed in the Industry Portfolio only; no reference-portfolio price in the source workbook.,Public Cloud Governance/Lifecycle,true,true,false,Classification Manager,CCM-OC,6NP-CCM-OC,
DS-PC-3DX-CLOUD,Allowed,Public Cloud Business Analytics (Public Cloud). Listed in the Industry Portfolio only; no reference-portfolio price in the source workbook.,Public Cloud Business Analytics,true,true,false,Change Intelligence Consumer,CUS-OC,6NP-CUS-OC,
DS-PC-3DX-CLOUD,Allowed,Public Cloud Design/Engineering (Public Cloud). Listed in the Industry Portfolio only; no reference-portfolio price in the source workbook.,Public Cloud Design/Engineering,true,true,false,Electrical Cabling 3D System Engineer,ECB-OC,6NB-ECB-OC,
DS-PC-3DX-CLOUD,Allowed,Public Cloud Design/Engineering (Public Cloud). Listed in the Industry Portfolio only; no reference-portfolio price in the source workbook.,Public Cloud Design/Engineering,true,true,false,Engineering Intent Manager,EIM-OC,6NP-EIM-OC,
DS-PC-3DX-CLOUD,Allowed,Public Cloud Design/Engineering (Public Cloud). Listed in the Industry Portfolio only; no reference-portfolio price in the source workbook.,Public Cloud Design/Engineering,true,true,false,Electrical 3D & Manufacturing Engineer,ELM-OC,6NB-ELM-OC,
DS-PC-3DX-CLOUD,Allowed,Public Cloud Design/Engineering (Public Cloud). Listed in the Industry Portfolio only; no reference-portfolio price in the source workbook.,Public Cloud Design/Engineering,true,true,false,Electrical Manufacturing Engineer,ELX-OC,6NP-ELX-OC,
DS-PC-3DX-CLOUD,Allowed,Public Cloud Design/Engineering (Public Cloud). Listed in the Industry Portfolio only; no reference-portfolio price in the source workbook.,Public Cloud Design/Engineering,true,true,false,Systems Electric Power Library,EWZ-OC,6NP-EWZ-OC,
DS-PC-3DX-CLOUD,Allowed,Public Cloud Design/Engineering (Public Cloud). Listed in the Industry Portfolio only; no reference-portfolio price in the source workbook.,Public Cloud Design/Engineering,true,true,false,Report Template Administrator,RGD-OC,6NP-RGD-OC,
DS-PC-3DX-CLOUD,Allowed,Public Cloud Design/Engineering (Public Cloud). Listed in the Industry Portfolio only; no reference-portfolio price in the source workbook.,Public Cloud Design/Engineering,true,true,false,Multidiscipline Schematic Designer,SHE-OC,6NP-SHE-OC,
DS-PC-3DX-CLOUD,Allowed,Public Cloud Design/Engineering (Public Cloud). Listed in the Industry Portfolio only; no reference-portfolio price in the source workbook.,Public Cloud Design/Engineering,true,true,false,Dynamic Systems Engineer,SNK-OC,6NB-SNK-OC,
DS-PC-3DX-CLOUD,Allowed,Public Cloud Design/Engineering (Public Cloud). Listed in the Industry Portfolio only; no reference-portfolio price in the source workbook.,Public Cloud Design/Engineering,true,true,false,3D Tolerancing & Annotation Designer,TAD-OC,6NP-TAD-OC,
DS-PC-3DX-CLOUD,Allowed,Public Cloud Design/Engineering (Public Cloud). Listed in the Industry Portfolio only; no reference-portfolio price in the source workbook.,Public Cloud Design/Engineering,true,true,false,Templates & Rules Designer,TER-OC,6NP-TER-OC,
DS-PC-3DX-CLOUD,Allowed,Public Cloud Design/Engineering (Public Cloud). Listed in the Industry Portfolio only; no reference-portfolio price in the source workbook.,Public Cloud Design/Engineering,true,true,false,Systems Schematic Engineer,TIC-OC,6NB-TIC-OC,
DS-PC-3DX-CLOUD,Allowed,Public Cloud Governance/Lifecycle (Public Cloud). Listed in the Industry Portfolio only; no reference-portfolio price in the source workbook.,Public Cloud Governance/Lifecycle,true,true,false,Requirements Engineer,TRM-OC,6NP-TRM-OC,
