$$ProductCategory.Code$Product.StockKeepingUnit,Catalog.Code,IsPrimaryCategory,ProductCategory.Code,Product.StockKeepingUnit
DS-GRP000022;5CC-AP2,DS-CAT-REF,true,DS-GRP000022,5CC-AP2
DS-GRP000030;5AP-ARW,DS-CAT-REF,true,DS-GRP000030,5AP-ARW
DS-GRP000022;5CC-BP2,DS-CAT-REF,true,DS-GRP000022,5CC-BP2
DS-GRP000026;5AP-DBG,DS-CAT-REF,true,DS-GRP000026,5AP-DBG
DS-GRP000134;5AB-GTS,DS-CAT-REF,true,DS-GRP000134,5AB-GTS
DS-GRP000030;5AP-MEC,DS-CAT-REF,true,DS-GRP000030,5AP-MEC
DS-GRP000026;5AP-MEQ,DS-CAT-REF,true,DS-GRP000026,5AP-MEQ
DS-GRP000032;5AP-MHA,DS-CAT-REF,true,DS-GRP000032,5AP-MHA
DS-GRP000032;5AP-MHB,DS-CAT-REF,true,DS-GRP000032,5AP-MHB
DS-GRP000028;5AP-MTR,DS-CAT-REF,true,DS-GRP000028,5AP-MTR
DS-GRP000022;5AP-MTT,DS-CAT-REF,true,DS-GRP000022,5AP-MTT
DS-GRP000030;5CC-WL2,DS-CAT-REF,true,DS-GRP000030,5CC-WL2
DS-GRP003333;6NB-ACDEM,DS-CAT-REF,true,DS-GRP003333,6NB-ACDEM
DS-GRP003366;6NP-ASZ,DS-CAT-REF,true,DS-GRP003366,6NP-ASZ
DS-GRP003387;6NP-BCMEC,DS-CAT-REF,true,DS-GRP003387,6NP-BCMEC
DS-GRP003346;6NP-BODET,DS-CAT-REF,true,DS-GRP003346,6NP-BODET
DS-GRP003366;6NP-BTZ,DS-CAT-REF,true,DS-GRP003366,6NP-BTZ
DS-GRP003366;6NP-DCZ,DS-CAT-REF,true,DS-GRP003366,6NP-DCZ
DS-GRP003412;6NP-ELG,DS-CAT-REF,true,DS-GRP003412,6NP-ELG
DS-GRP003333;6TB-GFC-M,DS-CAT-REF,true,DS-GRP003333,6TB-GFC-M
DS-GRP003333;6NP-SGCML,DS-CAT-REF,true,DS-GRP003333,6NP-SGCML
DS-GRP003434;6NP-CHG,DS-CAT-REF,true,DS-GRP003434,6NP-CHG
DS-GRP003433;6NP-CSV,DS-CAT-REF,true,DS-GRP003433,6NP-CSV
DS-GRP003434;6NP-DPM,DS-CAT-REF,true,DS-GRP003434,6NP-DPM
DS-GRP003433;6NB-PCS,DS-CAT-REF,true,DS-GRP003433,6NB-PCS
DS-GRP003433;6KB-PCS-K,DS-CAT-REF,true,DS-GRP003433,6KB-PCS-K
DS-GRP003335;6NB-ACDEM-OC,DS-CAT-REF,true,DS-GRP003335,6NB-ACDEM-OC
DS-GRP003368;6NP-ASZ-OC,DS-CAT-REF,true,DS-GRP003368,6NP-ASZ-OC
DS-GRP003337;6NP-BCMEC-OC,DS-CAT-REF,true,DS-GRP003337,6NP-BCMEC-OC
DS-GRP003368;6NP-BTZ-OC,DS-CAT-REF,true,DS-GRP003368,6NP-BTZ-OC
DS-GRP003368;6NP-DCZ-OC,DS-CAT-REF,true,DS-GRP003368,6NP-DCZ-OC
DS-GRP003414;6NP-ELG-OC,DS-CAT-REF,true,DS-GRP003414,6NP-ELG-OC
DS-GRP003335;6TB-GFC-M-OC,DS-CAT-REF,true,DS-GRP003335,6TB-GFC-M-OC
DS-GRP003335;6NP-SGCML-OC,DS-CAT-REF,true,DS-GRP003335,6NP-SGCML-OC
DS-GRP003438;6NP-CHG-OC,DS-CAT-REF,true,DS-GRP003438,6NP-CHG-OC
DS-GRP003452;6NP-CSV-OC,DS-CAT-REF,true,DS-GRP003452,6NP-CSV-OC
DS-GRP003438;6NP-DPM-OC,DS-CAT-REF,true,DS-GRP003438,6NP-DPM-OC
DS-GRP003452;6KB-PCS-K-OC,DS-CAT-REF,true,DS-GRP003452,6KB-PCS-K-OC
DS-GRP003452;6NB-PCS-OC,DS-CAT-REF,true,DS-GRP003452,6NB-PCS-OC
DS-IPE00050900;6NB-ECB,DS-CAT-IND,true,DS-IPE00050900,6NB-ECB
DS-IPE00050900;6NP-EIM,DS-CAT-IND,true,DS-IPE00050900,6NP-EIM
DS-IPE00050900;6NP-ELG,DS-CAT-IND,false,DS-IPE00050900,6NP-ELG
DS-IPE00050900;6CP-ELG,DS-CAT-IND,true,DS-IPE00050900,6CP-ELG
DS-IPE00050900;6NB-ELM,DS-CAT-IND,true,DS-IPE00050900,6NB-ELM
DS-IPE00050900;6NP-ELX,DS-CAT-IND,true,DS-IPE00050900,6NP-ELX
DS-IPE00050900;6CP-ELX,DS-CAT-IND,true,DS-IPE00050900,6CP-ELX
DS-IPE00050900;6NP-EWZ,DS-CAT-IND,true,DS-IPE00050900,6NP-EWZ
DS-IPE00050900;6CP-EWZ,DS-CAT-IND,true,DS-IPE00050900,6CP-EWZ
DS-IPE00050900;6NP-RGD,DS-CAT-IND,true,DS-IPE00050900,6NP-RGD
DS-IPE00050900;6NP-SHE,DS-CAT-IND,true,DS-IPE00050900,6NP-SHE
DS-IPE00050900;6CP-SHE,DS-CAT-IND,true,DS-IPE00050900,6CP-SHE
DS-IPE00050900;6NB-SNK,DS-CAT-IND,true,DS-IPE00050900,6NB-SNK
DS-IPE00050900;6NP-TAD,DS-CAT-IND,true,DS-IPE00050900,6NP-TAD
DS-IPE00050900;6CP-TAD,DS-CAT-IND,true,DS-IPE00050900,6CP-TAD
DS-IPE00050900;6NP-TER,DS-CAT-IND,true,DS-IPE00050900,6NP-TER
DS-IPE00050900;6CP-TER,DS-CAT-IND,true,DS-IPE00050900,6CP-TER
DS-IPE00050900;6NB-TIC,DS-CAT-IND,true,DS-IPE00050900,6NB-TIC
DS-IPE00050900;6NP-TRM,DS-CAT-IND,true,DS-IPE00050900,6NP-TRM
DS-IPE00050472;6NP-CCM,DS-CAT-IND,true,DS-IPE00050472,6NP-CCM
DS-IPE00050472;6NP-CHG,DS-CAT-IND,false,DS-IPE00050472,6NP-CHG
DS-IPE00050472;6NP-CIU,DS-CAT-IND,true,DS-IPE00050472,6NP-CIU
DS-IPE00050472;6NP-DPM,DS-CAT-IND,false,DS-IPE00050472,6NP-DPM
DS-IPE00050472;6NP-IIU,DS-CAT-IND,true,DS-IPE00050472,6NP-IIU
DS-IPE00050538;6TP-BPK-OC,DS-CAT-IND,true,DS-IPE00050538,6TP-BPK-OC
DS-IPE00050538;6NP-BPO-OC,DS-CAT-IND,true,DS-IPE00050538,6NP-BPO-OC
DS-IPE00050538;6NP-BPR-OC,DS-CAT-IND,true,DS-IPE00050538,6NP-BPR-OC
DS-IPE00050538;6NP-BPW-OC,DS-CAT-IND,true,DS-IPE00050538,6NP-BPW-OC
DS-IPE00050538;6NP-CCM-OC,DS-CAT-IND,true,DS-IPE00050538,6NP-CCM-OC
DS-IPE00050538;6NP-CHG-OC,DS-CAT-IND,false,DS-IPE00050538,6NP-CHG-OC
DS-IPE00050538;6NP-CUS-OC,DS-CAT-IND,true,DS-IPE00050538,6NP-CUS-OC
DS-IPE00050538;6NP-DPM-OC,DS-CAT-IND,false,DS-IPE00050538,6NP-DPM-OC
DS-IPE00050658;6NB-ECB-OC,DS-CAT-IND,true,DS-IPE00050658,6NB-ECB-OC
DS-IPE00050658;6NP-EIM-OC,DS-CAT-IND,true,DS-IPE00050658,6NP-EIM-OC
DS-IPE00050658;6NP-ELG-OC,DS-CAT-IND,false,DS-IPE00050658,6NP-ELG-OC
DS-IPE00050658;6NB-ELM-OC,DS-CAT-IND,true,DS-IPE00050658,6NB-ELM-OC
DS-IPE00050658;6NP-ELX-OC,DS-CAT-IND,true,DS-IPE00050658,6NP-ELX-OC
DS-IPE00050658;6NP-EWZ-OC,DS-CAT-IND,true,DS-IPE00050658,6NP-EWZ-OC
DS-IPE00050658;6NP-RGD-OC,DS-CAT-IND,true,DS-IPE00050658,6NP-RGD-OC
DS-IPE00050658;6NP-SHE-OC,DS-CAT-IND,true,DS-IPE00050658,6NP-SHE-OC
DS-IPE00050658;6NB-SNK-OC,DS-CAT-IND,true,DS-IPE00050658,6NB-SNK-OC
DS-IPE00050658;6NP-TAD-OC,DS-CAT-IND,true,DS-IPE00050658,6NP-TAD-OC
DS-IPE00050658;6NP-TER-OC,DS-CAT-IND,true,DS-IPE00050658,6NP-TER-OC
DS-IPE00050658;6NB-TIC-OC,DS-CAT-IND,true,DS-IPE00050658,6NB-TIC-OC
DS-IPE00050658;6NP-TRM-OC,DS-CAT-IND,true,DS-IPE00050658,6NP-TRM-OC
