$$AttributeBasedAdjRule.Name$AttributeDefinition.Code$Product.StockKeepingUnit,AttributeBasedAdjRule.Name,AttributeDefinition.Code,Operator,Name,Product.StockKeepingUnit,StringValue
DS 5CC-AP2 Commitment 2 Years;DS_LICENSE_COMMITMENT;5CC-AP2,DS 5CC-AP2 Commitment 2 Years,DS_LICENSE_COMMITMENT,equals,DS 5CC-AP2 Commitment 2 Years condition,5CC-AP2,2 Years
DS 5CC-AP2 Commitment 3 Years;DS_LICENSE_COMMITMENT;5CC-AP2,DS 5CC-AP2 Commitment 3 Years,DS_LICENSE_COMMITMENT,equals,DS 5CC-AP2 Commitment 3 Years condition,5CC-AP2,3 Years
DS 5AP-ARW Commitment 2 Years;DS_LICENSE_COMMITMENT;5AP-ARW,DS 5AP-ARW Commitment 2 Years,DS_LICENSE_COMMITMENT,equals,DS 5AP-ARW Commitment 2 Years condition,5AP-ARW,2 Years
DS 5AP-ARW Commitment 3 Years;DS_LICENSE_COMMITMENT;5AP-ARW,DS 5AP-ARW Commitment 3 Years,DS_LICENSE_COMMITMENT,equals,DS 5AP-ARW Commitment 3 Years condition,5AP-ARW,3 Years
DS 5CC-BP2 Commitment 2 Years;DS_LICENSE_COMMITMENT;5CC-BP2,DS 5CC-BP2 Commitment 2 Years,DS_LICENSE_COMMITMENT,equals,DS 5CC-BP2 Commitment 2 Years condition,5CC-BP2,2 Years
DS 5CC-BP2 Commitment 3 Years;DS_LICENSE_COMMITMENT;5CC-BP2,DS 5CC-BP2 Commitment 3 Years,DS_LICENSE_COMMITMENT,equals,DS 5CC-BP2 Commitment 3 Years condition,5CC-BP2,3 Years
DS 5AP-DBG Commitment 2 Years;DS_LICENSE_COMMITMENT;5AP-DBG,DS 5AP-DBG Commitment 2 Years,DS_LICENSE_COMMITMENT,equals,DS 5AP-DBG Commitment 2 Years condition,5AP-DBG,2 Years
DS 5AP-DBG Commitment 3 Years;DS_LICENSE_COMMITMENT;5AP-DBG,DS 5AP-DBG Commitment 3 Years,DS_LICENSE_COMMITMENT,equals,DS 5AP-DBG Commitment 3 Years condition,5AP-DBG,3 Years
DS 5AB-GTS Commitment 2 Years;DS_LICENSE_COMMITMENT;5AB-GTS,DS 5AB-GTS Commitment 2 Years,DS_LICENSE_COMMITMENT,equals,DS 5AB-GTS Commitment 2 Years condition,5AB-GTS,2 Years
DS 5AB-GTS Commitment 3 Years;DS_LICENSE_COMMITMENT;5AB-GTS,DS 5AB-GTS Commitment 3 Years,DS_LICENSE_COMMITMENT,equals,DS 5AB-GTS Commitment 3 Years condition,5AB-GTS,3 Years
DS 5AP-MEC Commitment 2 Years;DS_LICENSE_COMMITMENT;5AP-MEC,DS 5AP-MEC Commitment 2 Years,DS_LICENSE_COMMITMENT,equals,DS 5AP-MEC Commitment 2 Years condition,5AP-MEC,2 Years
DS 5AP-MEC Commitment 3 Years;DS_LICENSE_COMMITMENT;5AP-MEC,DS 5AP-MEC Commitment 3 Years,DS_LICENSE_COMMITMENT,equals,DS 5AP-MEC Commitment 3 Years condition,5AP-MEC,3 Years
DS 5AP-MEQ Commitment 2 Years;DS_LICENSE_COMMITMENT;5AP-MEQ,DS 5AP-MEQ Commitment 2 Years,DS_LICENSE_COMMITMENT,equals,DS 5AP-MEQ Commitment 2 Years condition,5AP-MEQ,2 Years
DS 5AP-MEQ Commitment 3 Years;DS_LICENSE_COMMITMENT;5AP-MEQ,DS 5AP-MEQ Commitment 3 Years,DS_LICENSE_COMMITMENT,equals,DS 5AP-MEQ Commitment 3 Years condition,5AP-MEQ,3 Years
DS 5AP-MHA Commitment 2 Years;DS_LICENSE_COMMITMENT;5AP-MHA,DS 5AP-MHA Commitment 2 Years,DS_LICENSE_COMMITMENT,equals,DS 5AP-MHA Commitment 2 Years condition,5AP-MHA,2 Years
DS 5AP-MHA Commitment 3 Years;DS_LICENSE_COMMITMENT;5AP-MHA,DS 5AP-MHA Commitment 3 Years,DS_LICENSE_COMMITMENT,equals,DS 5AP-MHA Commitment 3 Years condition,5AP-MHA,3 Years
DS 5AP-MHB Commitment 2 Years;DS_LICENSE_COMMITMENT;5AP-MHB,DS 5AP-MHB Commitment 2 Years,DS_LICENSE_COMMITMENT,equals,DS 5AP-MHB Commitment 2 Years condition,5AP-MHB,2 Years
DS 5AP-MHB Commitment 3 Years;DS_LICENSE_COMMITMENT;5AP-MHB,DS 5AP-MHB Commitment 3 Years,DS_LICENSE_COMMITMENT,equals,DS 5AP-MHB Commitment 3 Years condition,5AP-MHB,3 Years
DS 5AP-MTR Commitment 2 Years;DS_LICENSE_COMMITMENT;5AP-MTR,DS 5AP-MTR Commitment 2 Years,DS_LICENSE_COMMITMENT,equals,DS 5AP-MTR Commitment 2 Years condition,5AP-MTR,2 Years
DS 5AP-MTR Commitment 3 Years;DS_LICENSE_COMMITMENT;5AP-MTR,DS 5AP-MTR Commitment 3 Years,DS_LICENSE_COMMITMENT,equals,DS 5AP-MTR Commitment 3 Years condition,5AP-MTR,3 Years
DS 5AP-MTT Commitment 2 Years;DS_LICENSE_COMMITMENT;5AP-MTT,DS 5AP-MTT Commitment 2 Years,DS_LICENSE_COMMITMENT,equals,DS 5AP-MTT Commitment 2 Years condition,5AP-MTT,2 Years
DS 5AP-MTT Commitment 3 Years;DS_LICENSE_COMMITMENT;5AP-MTT,DS 5AP-MTT Commitment 3 Years,DS_LICENSE_COMMITMENT,equals,DS 5AP-MTT Commitment 3 Years condition,5AP-MTT,3 Years
DS 5CC-WL2 Commitment 2 Years;DS_LICENSE_COMMITMENT;5CC-WL2,DS 5CC-WL2 Commitment 2 Years,DS_LICENSE_COMMITMENT,equals,DS 5CC-WL2 Commitment 2 Years condition,5CC-WL2,2 Years
DS 5CC-WL2 Commitment 3 Years;DS_LICENSE_COMMITMENT;5CC-WL2,DS 5CC-WL2 Commitment 3 Years,DS_LICENSE_COMMITMENT,equals,DS 5CC-WL2 Commitment 3 Years condition,5CC-WL2,3 Years
DS 6NB-ACDEM Commitment 2 Years;DS_LICENSE_COMMITMENT;6NB-ACDEM,DS 6NB-ACDEM Commitment 2 Years,DS_LICENSE_COMMITMENT,equals,DS 6NB-ACDEM Commitment 2 Years condition,6NB-ACDEM,2 Years
DS 6NB-ACDEM Commitment 3 Years;DS_LICENSE_COMMITMENT;6NB-ACDEM,DS 6NB-ACDEM Commitment 3 Years,DS_LICENSE_COMMITMENT,equals,DS 6NB-ACDEM Commitment 3 Years condition,6NB-ACDEM,3 Years
DS 6NP-ASZ Commitment 2 Years;DS_LICENSE_COMMITMENT;6NP-ASZ,DS 6NP-ASZ Commitment 2 Years,DS_LICENSE_COMMITMENT,equals,DS 6NP-ASZ Commitment 2 Years condition,6NP-ASZ,2 Years
DS 6NP-ASZ Commitment 3 Years;DS_LICENSE_COMMITMENT;6NP-ASZ,DS 6NP-ASZ Commitment 3 Years,DS_LICENSE_COMMITMENT,equals,DS 6NP-ASZ Commitment 3 Years condition,6NP-ASZ,3 Years
DS 6NP-BCMEC Commitment 2 Years;DS_LICENSE_COMMITMENT;6NP-BCMEC,DS 6NP-BCMEC Commitment 2 Years,DS_LICENSE_COMMITMENT,equals,DS 6NP-BCMEC Commitment 2 Years condition,6NP-BCMEC,2 Years
DS 6NP-BCMEC Commitment 3 Years;DS_LICENSE_COMMITMENT;6NP-BCMEC,DS 6NP-BCMEC Commitment 3 Years,DS_LICENSE_COMMITMENT,equals,DS 6NP-BCMEC Commitment 3 Years condition,6NP-BCMEC,3 Years
DS 6NP-BODET Commitment 2 Years;DS_LICENSE_COMMITMENT;6NP-BODET,DS 6NP-BODET Commitment 2 Years,DS_LICENSE_COMMITMENT,equals,DS 6NP-BODET Commitment 2 Years condition,6NP-BODET,2 Years
DS 6NP-BODET Commitment 3 Years;DS_LICENSE_COMMITMENT;6NP-BODET,DS 6NP-BODET Commitment 3 Years,DS_LICENSE_COMMITMENT,equals,DS 6NP-BODET Commitment 3 Years condition,6NP-BODET,3 Years
DS 6NP-BTZ Commitment 2 Years;DS_LICENSE_COMMITMENT;6NP-BTZ,DS 6NP-BTZ Commitment 2 Years,DS_LICENSE_COMMITMENT,equals,DS 6NP-BTZ Commitment 2 Years condition,6NP-BTZ,2 Years
DS 6NP-BTZ Commitment 3 Years;DS_LICENSE_COMMITMENT;6NP-BTZ,DS 6NP-BTZ Commitment 3 Years,DS_LICENSE_COMMITMENT,equals,DS 6NP-BTZ Commitment 3 Years condition,6NP-BTZ,3 Years
DS 6NP-DCZ Commitment 2 Years;DS_LICENSE_COMMITMENT;6NP-DCZ,DS 6NP-DCZ Commitment 2 Years,DS_LICENSE_COMMITMENT,equals,DS 6NP-DCZ Commitment 2 Years condition,6NP-DCZ,2 Years
DS 6NP-DCZ Commitment 3 Years;DS_LICENSE_COMMITMENT;6NP-DCZ,DS 6NP-DCZ Commitment 3 Years,DS_LICENSE_COMMITMENT,equals,DS 6NP-DCZ Commitment 3 Years condition,6NP-DCZ,3 Years
DS 6NP-ELG Commitment 2 Years;DS_LICENSE_COMMITMENT;6NP-ELG,DS 6NP-ELG Commitment 2 Years,DS_LICENSE_COMMITMENT,equals,DS 6NP-ELG Commitment 2 Years condition,6NP-ELG,2 Years
DS 6NP-ELG Commitment 3 Years;DS_LICENSE_COMMITMENT;6NP-ELG,DS 6NP-ELG Commitment 3 Years,DS_LICENSE_COMMITMENT,equals,DS 6NP-ELG Commitment 3 Years condition,6NP-ELG,3 Years
DS 6NP-SGCML Commitment 2 Years;DS_LICENSE_COMMITMENT;6NP-SGCML,DS 6NP-SGCML Commitment 2 Years,DS_LICENSE_COMMITMENT,equals,DS 6NP-SGCML Commitment 2 Years condition,6NP-SGCML,2 Years
DS 6NP-SGCML Commitment 3 Years;DS_LICENSE_COMMITMENT;6NP-SGCML,DS 6NP-SGCML Commitment 3 Years,DS_LICENSE_COMMITMENT,equals,DS 6NP-SGCML Commitment 3 Years condition,6NP-SGCML,3 Years
DS 6NP-CHG Commitment 2 Years;DS_LICENSE_COMMITMENT;6NP-CHG,DS 6NP-CHG Commitment 2 Years,DS_LICENSE_COMMITMENT,equals,DS 6NP-CHG Commitment 2 Years condition,6NP-CHG,2 Years
DS 6NP-CHG Commitment 3 Years;DS_LICENSE_COMMITMENT;6NP-CHG,DS 6NP-CHG Commitment 3 Years,DS_LICENSE_COMMITMENT,equals,DS 6NP-CHG Commitment 3 Years condition,6NP-CHG,3 Years
DS 6NP-CSV Commitment 2 Years;DS_LICENSE_COMMITMENT;6NP-CSV,DS 6NP-CSV Commitment 2 Years,DS_LICENSE_COMMITMENT,equals,DS 6NP-CSV Commitment 2 Years condition,6NP-CSV,2 Years
DS 6NP-CSV Commitment 3 Years;DS_LICENSE_COMMITMENT;6NP-CSV,DS 6NP-CSV Commitment 3 Years,DS_LICENSE_COMMITMENT,equals,DS 6NP-CSV Commitment 3 Years condition,6NP-CSV,3 Years
DS 6NP-DPM Commitment 2 Years;DS_LICENSE_COMMITMENT;6NP-DPM,DS 6NP-DPM Commitment 2 Years,DS_LICENSE_COMMITMENT,equals,DS 6NP-DPM Commitment 2 Years condition,6NP-DPM,2 Years
DS 6NP-DPM Commitment 3 Years;DS_LICENSE_COMMITMENT;6NP-DPM,DS 6NP-DPM Commitment 3 Years,DS_LICENSE_COMMITMENT,equals,DS 6NP-DPM Commitment 3 Years condition,6NP-DPM,3 Years
DS 6NB-PCS Commitment 2 Years;DS_LICENSE_COMMITMENT;6NB-PCS,DS 6NB-PCS Commitment 2 Years,DS_LICENSE_COMMITMENT,equals,DS 6NB-PCS Commitment 2 Years condition,6NB-PCS,2 Years
DS 6NB-PCS Commitment 3 Years;DS_LICENSE_COMMITMENT;6NB-PCS,DS 6NB-PCS Commitment 3 Years,DS_LICENSE_COMMITMENT,equals,DS 6NB-PCS Commitment 3 Years condition,6NB-PCS,3 Years
DS 6KB-PCS-K Commitment 2 Years;DS_LICENSE_COMMITMENT;6KB-PCS-K,DS 6KB-PCS-K Commitment 2 Years,DS_LICENSE_COMMITMENT,equals,DS 6KB-PCS-K Commitment 2 Years condition,6KB-PCS-K,2 Years
DS 6KB-PCS-K Commitment 3 Years;DS_LICENSE_COMMITMENT;6KB-PCS-K,DS 6KB-PCS-K Commitment 3 Years,DS_LICENSE_COMMITMENT,equals,DS 6KB-PCS-K Commitment 3 Years condition,6KB-PCS-K,3 Years
DS 6NB-ACDEM-OC Commitment 3 Years;DS_SUBSCRIPTION_COMMITMENT;6NB-ACDEM-OC,DS 6NB-ACDEM-OC Commitment 3 Years,DS_SUBSCRIPTION_COMMITMENT,equals,DS 6NB-ACDEM-OC Commitment 3 Years condition,6NB-ACDEM-OC,3 Years
DS 6NP-ASZ-OC Commitment 3 Years;DS_SUBSCRIPTION_COMMITMENT;6NP-ASZ-OC,DS 6NP-ASZ-OC Commitment 3 Years,DS_SUBSCRIPTION_COMMITMENT,equals,DS 6NP-ASZ-OC Commitment 3 Years condition,6NP-ASZ-OC,3 Years
DS 6NP-BCMEC-OC Commitment 3 Years;DS_SUBSCRIPTION_COMMITMENT;6NP-BCMEC-OC,DS 6NP-BCMEC-OC Commitment 3 Years,DS_SUBSCRIPTION_COMMITMENT,equals,DS 6NP-BCMEC-OC Commitment 3 Years condition,6NP-BCMEC-OC,3 Years
DS 6NP-BTZ-OC Commitment 3 Years;DS_SUBSCRIPTION_COMMITMENT;6NP-BTZ-OC,DS 6NP-BTZ-OC Commitment 3 Years,DS_SUBSCRIPTION_COMMITMENT,equals,DS 6NP-BTZ-OC Commitment 3 Years condition,6NP-BTZ-OC,3 Years
DS 6NP-DCZ-OC Commitment 3 Years;DS_SUBSCRIPTION_COMMITMENT;6NP-DCZ-OC,DS 6NP-DCZ-OC Commitment 3 Years,DS_SUBSCRIPTION_COMMITMENT,equals,DS 6NP-DCZ-OC Commitment 3 Years condition,6NP-DCZ-OC,3 Years
DS 6NP-ELG-OC Commitment 3 Years;DS_SUBSCRIPTION_COMMITMENT;6NP-ELG-OC,DS 6NP-ELG-OC Commitment 3 Years,DS_SUBSCRIPTION_COMMITMENT,equals,DS 6NP-ELG-OC Commitment 3 Years condition,6NP-ELG-OC,3 Years
DS 6NP-SGCML-OC Commitment 3 Years;DS_SUBSCRIPTION_COMMITMENT;6NP-SGCML-OC,DS 6NP-SGCML-OC Commitment 3 Years,DS_SUBSCRIPTION_COMMITMENT,equals,DS 6NP-SGCML-OC Commitment 3 Years condition,6NP-SGCML-OC,3 Years
DS 6NP-CHG-OC Commitment 3 Years;DS_SUBSCRIPTION_COMMITMENT;6NP-CHG-OC,DS 6NP-CHG-OC Commitment 3 Years,DS_SUBSCRIPTION_COMMITMENT,equals,DS 6NP-CHG-OC Commitment 3 Years condition,6NP-CHG-OC,3 Years
DS 6NP-CSV-OC Commitment 3 Years;DS_SUBSCRIPTION_COMMITMENT;6NP-CSV-OC,DS 6NP-CSV-OC Commitment 3 Years,DS_SUBSCRIPTION_COMMITMENT,equals,DS 6NP-CSV-OC Commitment 3 Years condition,6NP-CSV-OC,3 Years
DS 6NP-DPM-OC Commitment 3 Years;DS_SUBSCRIPTION_COMMITMENT;6NP-DPM-OC,DS 6NP-DPM-OC Commitment 3 Years,DS_SUBSCRIPTION_COMMITMENT,equals,DS 6NP-DPM-OC Commitment 3 Years condition,6NP-DPM-OC,3 Years
DS 6KB-PCS-K-OC Commitment 3 Years;DS_SUBSCRIPTION_COMMITMENT;6KB-PCS-K-OC,DS 6KB-PCS-K-OC Commitment 3 Years,DS_SUBSCRIPTION_COMMITMENT,equals,DS 6KB-PCS-K-OC Commitment 3 Years condition,6KB-PCS-K-OC,3 Years
DS 6NB-PCS-OC Commitment 3 Years;DS_SUBSCRIPTION_COMMITMENT;6NB-PCS-OC,DS 6NB-PCS-OC Commitment 3 Years,DS_SUBSCRIPTION_COMMITMENT,equals,DS 6NB-PCS-OC Commitment 3 Years condition,6NB-PCS-OC,3 Years
