$$AttributeBasedAdjRule.Name$PriceAdjustmentSchedule.Name$Product.StockKeepingUnit$ProductSellingModel.Name$CurrencyIsoCode,AdjustmentType,AdjustmentValue,AttributeBasedAdjRule.Name,CurrencyIsoCode,EffectiveFrom,Name,PriceAdjustmentSchedule.Name,Product.StockKeepingUnit,ProductSellingModel.Name
DS 5CC-AP2 Commitment 2 Years;DS EuroZone Attribute Based Adjustment;5CC-AP2;Term Annual;EUR,Override,15535,DS 5CC-AP2 Commitment 2 Years,EUR,2026-01-01T00:00:00.000+0000,DS 5CC-AP2 Commitment 2 Years EUR,DS EuroZone Attribute Based Adjustment,5CC-AP2,Term Annual
DS 5CC-AP2 Commitment 3 Years;DS EuroZone Attribute Based Adjustment;5CC-AP2;Term Annual;EUR,Override,13213.33,DS 5CC-AP2 Commitment 3 Years,EUR,2026-01-01T00:00:00.000+0000,DS 5CC-AP2 Commitment 3 Years EUR,DS EuroZone Attribute Based Adjustment,5CC-AP2,Term Annual
DS 5AP-ARW Commitment 2 Years;DS EuroZone Attribute Based Adjustment;5AP-ARW;Term Annual;EUR,Override,2754.5,DS 5AP-ARW Commitment 2 Years,EUR,2026-01-01T00:00:00.000+0000,DS 5AP-ARW Commitment 2 Years EUR,DS EuroZone Attribute Based Adjustment,5AP-ARW,Term Annual
DS 5AP-ARW Commitment 3 Years;DS EuroZone Attribute Based Adjustment;5AP-ARW;Term Annual;EUR,Override,2344.33,DS 5AP-ARW Commitment 3 Years,EUR,2026-01-01T00:00:00.000+0000,DS 5AP-ARW Commitment 3 Years EUR,DS EuroZone Attribute Based Adjustment,5AP-ARW,Term Annual
DS 5CC-BP2 Commitment 2 Years;DS EuroZone Attribute Based Adjustment;5CC-BP2;Term Annual;EUR,Override,20105,DS 5CC-BP2 Commitment 2 Years,EUR,2026-01-01T00:00:00.000+0000,DS 5CC-BP2 Commitment 2 Years EUR,DS EuroZone Attribute Based Adjustment,5CC-BP2,Term Annual
DS 5CC-BP2 Commitment 3 Years;DS EuroZone Attribute Based Adjustment;5CC-BP2;Term Annual;EUR,Override,17113.33,DS 5CC-BP2 Commitment 3 Years,EUR,2026-01-01T00:00:00.000+0000,DS 5CC-BP2 Commitment 3 Years EUR,DS EuroZone Attribute Based Adjustment,5CC-BP2,Term Annual
DS 5AP-DBG Commitment 2 Years;DS EuroZone Attribute Based Adjustment;5AP-DBG;Term Annual;EUR,Override,2754.5,DS 5AP-DBG Commitment 2 Years,EUR,2026-01-01T00:00:00.000+0000,DS 5AP-DBG Commitment 2 Years EUR,DS EuroZone Attribute Based Adjustment,5AP-DBG,Term Annual
DS 5AP-DBG Commitment 3 Years;DS EuroZone Attribute Based Adjustment;5AP-DBG;Term Annual;EUR,Override,2344.33,DS 5AP-DBG Commitment 3 Years,EUR,2026-01-01T00:00:00.000+0000,DS 5AP-DBG Commitment 3 Years EUR,DS EuroZone Attribute Based Adjustment,5AP-DBG,Term Annual
DS 5AB-GTS Commitment 2 Years;DS EuroZone Attribute Based Adjustment;5AB-GTS;Term Annual;EUR,Override,3764.5,DS 5AB-GTS Commitment 2 Years,EUR,2026-01-01T00:00:00.000+0000,DS 5AB-GTS Commitment 2 Years EUR,DS EuroZone Attribute Based Adjustment,5AB-GTS,Term Annual
DS 5AB-GTS Commitment 3 Years;DS EuroZone Attribute Based Adjustment;5AB-GTS;Term Annual;EUR,Override,3202,DS 5AB-GTS Commitment 3 Years,EUR,2026-01-01T00:00:00.000+0000,DS 5AB-GTS Commitment 3 Years EUR,DS EuroZone Attribute Based Adjustment,5AB-GTS,Term Annual
DS 5AP-MEC Commitment 2 Years;DS EuroZone Attribute Based Adjustment;5AP-MEC;Term Annual;EUR,Override,4945,DS 5AP-MEC Commitment 2 Years,EUR,2026-01-01T00:00:00.000+0000,DS 5AP-MEC Commitment 2 Years EUR,DS EuroZone Attribute Based Adjustment,5AP-MEC,Term Annual
DS 5AP-MEC Commitment 3 Years;DS EuroZone Attribute Based Adjustment;5AP-MEC;Term Annual;EUR,Override,4210,DS 5AP-MEC Commitment 3 Years,EUR,2026-01-01T00:00:00.000+0000,DS 5AP-MEC Commitment 3 Years EUR,DS EuroZone Attribute Based Adjustment,5AP-MEC,Term Annual
DS 5AP-MEQ Commitment 2 Years;DS EuroZone Attribute Based Adjustment;5AP-MEQ;Term Annual;EUR,Override,2353,DS 5AP-MEQ Commitment 2 Years,EUR,2026-01-01T00:00:00.000+0000,DS 5AP-MEQ Commitment 2 Years EUR,DS EuroZone Attribute Based Adjustment,5AP-MEQ,Term Annual
DS 5AP-MEQ Commitment 3 Years;DS EuroZone Attribute Based Adjustment;5AP-MEQ;Term Annual;EUR,Override,2002.67,DS 5AP-MEQ Commitment 3 Years,EUR,2026-01-01T00:00:00.000+0000,DS 5AP-MEQ Commitment 3 Years EUR,DS EuroZone Attribute Based Adjustment,5AP-MEQ,Term Annual
DS 5AP-MHA Commitment 2 Years;DS EuroZone Attribute Based Adjustment;5AP-MHA;Term Annual;EUR,Override,7055,DS 5AP-MHA Commitment 2 Years,EUR,2026-01-01T00:00:00.000+0000,DS 5AP-MHA Commitment 2 Years EUR,DS EuroZone Attribute Based Adjustment,5AP-MHA,Term Annual
DS 5AP-MHA Commitment 3 Years;DS EuroZone Attribute Based Adjustment;5AP-MHA;Term Annual;EUR,Override,6006.67,DS 5AP-MHA Commitment 3 Years,EUR,2026-01-01T00:00:00.000+0000,DS 5AP-MHA Commitment 3 Years EUR,DS EuroZone Attribute Based Adjustment,5AP-MHA,Term Annual
DS 5AP-MHB Commitment 2 Years;DS EuroZone Attribute Based Adjustment;5AP-MHB;Term Annual;EUR,Override,5650,DS 5AP-MHB Commitment 2 Years,EUR,2026-01-01T00:00:00.000+0000,DS 5AP-MHB Commitment 2 Years EUR,DS EuroZone Attribute Based Adjustment,5AP-MHB,Term Annual
DS 5AP-MHB Commitment 3 Years;DS EuroZone Attribute Based Adjustment;5AP-MHB;Term Annual;EUR,Override,4803.33,DS 5AP-MHB Commitment 3 Years,EUR,2026-01-01T00:00:00.000+0000,DS 5AP-MHB Commitment 3 Years EUR,DS EuroZone Attribute Based Adjustment,5AP-MHB,Term Annual
DS 5AP-MTR Commitment 2 Years;DS EuroZone Attribute Based Adjustment;5AP-MTR;Term Annual;EUR,Override,942,DS 5AP-MTR Commitment 2 Years,EUR,2026-01-01T00:00:00.000+0000,DS 5AP-MTR Commitment 2 Years EUR,DS EuroZone Attribute Based Adjustment,5AP-MTR,Term Annual
DS 5AP-MTR Commitment 3 Years;DS EuroZone Attribute Based Adjustment;5AP-MTR;Term Annual;EUR,Override,801.67,DS 5AP-MTR Commitment 3 Years,EUR,2026-01-01T00:00:00.000+0000,DS 5AP-MTR Commitment 3 Years EUR,DS EuroZone Attribute Based Adjustment,5AP-MTR,Term Annual
DS 5AP-MTT Commitment 2 Years;DS EuroZone Attribute Based Adjustment;5AP-MTT;Term Annual;EUR,Override,2480,DS 5AP-MTT Commitment 2 Years,EUR,2026-01-01T00:00:00.000+0000,DS 5AP-MTT Commitment 2 Years EUR,DS EuroZone Attribute Based Adjustment,5AP-MTT,Term Annual
DS 5AP-MTT Commitment 3 Years;DS EuroZone Attribute Based Adjustment;5AP-MTT;Term Annual;EUR,Override,2109.67,DS 5AP-MTT Commitment 3 Years,EUR,2026-01-01T00:00:00.000+0000,DS 5AP-MTT Commitment 3 Years EUR,DS EuroZone Attribute Based Adjustment,5AP-MTT,Term Annual
DS 5CC-WL2 Commitment 2 Years;DS EuroZone Attribute Based Adjustment;5CC-WL2;Term Annual;EUR,Override,20665,DS 5CC-WL2 Commitment 2 Years,EUR,2026-01-01T00:00:00.000+0000,DS 5CC-WL2 Commitment 2 Years EUR,DS EuroZone Attribute Based Adjustment,5CC-WL2,Term Annual
DS 5CC-WL2 Commitment 3 Years;DS EuroZone Attribute Based Adjustment;5CC-WL2;Term Annual;EUR,Override,17580,DS 5CC-WL2 Commitment 3 Years,EUR,2026-01-01T00:00:00.000+0000,DS 5CC-WL2 Commitment 3 Years EUR,DS EuroZone Attribute Based Adjustment,5CC-WL2,Term Annual
DS 6NB-ACDEM Commitment 2 Years;DS EuroZone Attribute Based Adjustment;6NB-ACDEM;Term Annual;EUR,Override,7990,DS 6NB-ACDEM Commitment 2 Years,EUR,2026-01-01T00:00:00.000+0000,DS 6NB-ACDEM Commitment 2 Years EUR,DS EuroZone Attribute Based Adjustment,6NB-ACDEM,Term Annual
DS 6NB-ACDEM Commitment 3 Years;DS EuroZone Attribute Based Adjustment;6NB-ACDEM;Term Annual;EUR,Override,6730,DS 6NB-ACDEM Commitment 3 Years,EUR,2026-01-01T00:00:00.000+0000,DS 6NB-ACDEM Commitment 3 Years EUR,DS EuroZone Attribute Based Adjustment,6NB-ACDEM,Term Annual
DS 6NP-ASZ Commitment 2 Years;DS EuroZone Attribute Based Adjustment;6NP-ASZ;Term Annual;EUR,Override,2550.5,DS 6NP-ASZ Commitment 2 Years,EUR,2026-01-01T00:00:00.000+0000,DS 6NP-ASZ Commitment 2 Years EUR,DS EuroZone Attribute Based Adjustment,6NP-ASZ,Term Annual
DS 6NP-ASZ Commitment 3 Years;DS EuroZone Attribute Based Adjustment;6NP-ASZ;Term Annual;EUR,Override,2148,DS 6NP-ASZ Commitment 3 Years,EUR,2026-01-01T00:00:00.000+0000,DS 6NP-ASZ Commitment 3 Years EUR,DS EuroZone Attribute Based Adjustment,6NP-ASZ,Term Annual
DS 6NP-BCMEC Commitment 2 Years;DS EuroZone Attribute Based Adjustment;6NP-BCMEC;Term Annual;EUR,Override,3620,DS 6NP-BCMEC Commitment 2 Years,EUR,2026-01-01T00:00:00.000+0000,DS 6NP-BCMEC Commitment 2 Years EUR,DS EuroZone Attribute Based Adjustment,6NP-BCMEC,Term Annual
DS 6NP-BCMEC Commitment 3 Years;DS EuroZone Attribute Based Adjustment;6NP-BCMEC;Term Annual;EUR,Override,3048.67,DS 6NP-BCMEC Commitment 3 Years,EUR,2026-01-01T00:00:00.000+0000,DS 6NP-BCMEC Commitment 3 Years EUR,DS EuroZone Attribute Based Adjustment,6NP-BCMEC,Term Annual
DS 6NP-BODET Commitment 2 Years;DS EuroZone Attribute Based Adjustment;6NP-BODET;Term Annual;EUR,Override,9860,DS 6NP-BODET Commitment 2 Years,EUR,2026-01-01T00:00:00.000+0000,DS 6NP-BODET Commitment 2 Years EUR,DS EuroZone Attribute Based Adjustment,6NP-BODET,Term Annual
DS 6NP-BODET Commitment 3 Years;DS EuroZone Attribute Based Adjustment;6NP-BODET;Term Annual;EUR,Override,8303.33,DS 6NP-BODET Commitment 3 Years,EUR,2026-01-01T00:00:00.000+0000,DS 6NP-BODET Commitment 3 Years EUR,DS EuroZone Attribute Based Adjustment,6NP-BODET,Term Annual
DS 6NP-BTZ Commitment 2 Years;DS EuroZone Attribute Based Adjustment;6NP-BTZ;Term Annual;EUR,Override,2550.5,DS 6NP-BTZ Commitment 2 Years,EUR,2026-01-01T00:00:00.000+0000,DS 6NP-BTZ Commitment 2 Years EUR,DS EuroZone Attribute Based Adjustment,6NP-BTZ,Term Annual
DS 6NP-BTZ Commitment 3 Years;DS EuroZone Attribute Based Adjustment;6NP-BTZ;Term Annual;EUR,Override,2148,DS 6NP-BTZ Commitment 3 Years,EUR,2026-01-01T00:00:00.000+0000,DS 6NP-BTZ Commitment 3 Years EUR,DS EuroZone Attribute Based Adjustment,6NP-BTZ,Term Annual
DS 6NP-DCZ Commitment 2 Years;DS EuroZone Attribute Based Adjustment;6NP-DCZ;Term Annual;EUR,Override,1677,DS 6NP-DCZ Commitment 2 Years,EUR,2026-01-01T00:00:00.000+0000,DS 6NP-DCZ Commitment 2 Years EUR,DS EuroZone Attribute Based Adjustment,6NP-DCZ,Term Annual
DS 6NP-DCZ Commitment 3 Years;DS EuroZone Attribute Based Adjustment;6NP-DCZ;Term Annual;EUR,Override,1412,DS 6NP-DCZ Commitment 3 Years,EUR,2026-01-01T00:00:00.000+0000,DS 6NP-DCZ Commitment 3 Years EUR,DS EuroZone Attribute Based Adjustment,6NP-DCZ,Term Annual
DS 6NP-ELG Commitment 2 Years;DS EuroZone Attribute Based Adjustment;6NP-ELG;Term Annual;EUR,Override,9530,DS 6NP-ELG Commitment 2 Years,EUR,2026-01-01T00:00:00.000+0000,DS 6NP-ELG Commitment 2 Years EUR,DS EuroZone Attribute Based Adjustment,6NP-ELG,Term Annual
DS 6NP-ELG Commitment 3 Years;DS EuroZone Attribute Based Adjustment;6NP-ELG;Term Annual;EUR,Override,8030,DS 6NP-ELG Commitment 3 Years,EUR,2026-01-01T00:00:00.000+0000,DS 6NP-ELG Commitment 3 Years EUR,DS EuroZone Attribute Based Adjustment,6NP-ELG,Term Annual
DS 6NP-SGCML Commitment 2 Years;DS EuroZone Attribute Based Adjustment;6NP-SGCML;Term Annual;EUR,Override,9185,DS 6NP-SGCML Commitment 2 Years,EUR,2026-01-01T00:00:00.000+0000,DS 6NP-SGCML Commitment 2 Years EUR,DS EuroZone Attribute Based Adjustment,6NP-SGCML,Term Annual
DS 6NP-SGCML Commitment 3 Years;DS EuroZone Attribute Based Adjustment;6NP-SGCML;Term Annual;EUR,Override,7733.33,DS 6NP-SGCML Commitment 3 Years,EUR,2026-01-01T00:00:00.000+0000,DS 6NP-SGCML Commitment 3 Years EUR,DS EuroZone Attribute Based Adjustment,6NP-SGCML,Term Annual
DS 6NP-CHG Commitment 2 Years;DS EuroZone Attribute Based Adjustment;6NP-CHG;Term Annual;EUR,Override,339.9,DS 6NP-CHG Commitment 2 Years,EUR,2026-01-01T00:00:00.000+0000,DS 6NP-CHG Commitment 2 Years EUR,DS EuroZone Attribute Based Adjustment,6NP-CHG,Term Annual
DS 6NP-CHG Commitment 3 Years;DS EuroZone Attribute Based Adjustment;6NP-CHG;Term Annual;EUR,Override,286.17,DS 6NP-CHG Commitment 3 Years,EUR,2026-01-01T00:00:00.000+0000,DS 6NP-CHG Commitment 3 Years EUR,DS EuroZone Attribute Based Adjustment,6NP-CHG,Term Annual
DS 6NP-CSV Commitment 2 Years;DS EuroZone Attribute Based Adjustment;6NP-CSV;Term Annual;EUR,Override,366,DS 6NP-CSV Commitment 2 Years,EUR,2026-01-01T00:00:00.000+0000,DS 6NP-CSV Commitment 2 Years EUR,DS EuroZone Attribute Based Adjustment,6NP-CSV,Term Annual
DS 6NP-CSV Commitment 3 Years;DS EuroZone Attribute Based Adjustment;6NP-CSV;Term Annual;EUR,Override,305.1,DS 6NP-CSV Commitment 3 Years,EUR,2026-01-01T00:00:00.000+0000,DS 6NP-CSV Commitment 3 Years EUR,DS EuroZone Attribute Based Adjustment,6NP-CSV,Term Annual
DS 6NP-DPM Commitment 2 Years;DS EuroZone Attribute Based Adjustment;6NP-DPM;Term Annual;EUR,Override,408.1,DS 6NP-DPM Commitment 2 Years,EUR,2026-01-01T00:00:00.000+0000,DS 6NP-DPM Commitment 2 Years EUR,DS EuroZone Attribute Based Adjustment,6NP-DPM,Term Annual
DS 6NP-DPM Commitment 3 Years;DS EuroZone Attribute Based Adjustment;6NP-DPM;Term Annual;EUR,Override,343.67,DS 6NP-DPM Commitment 3 Years,EUR,2026-01-01T00:00:00.000+0000,DS 6NP-DPM Commitment 3 Years EUR,DS EuroZone Attribute Based Adjustment,6NP-DPM,Term Annual
DS 6NB-PCS Commitment 2 Years;DS EuroZone Attribute Based Adjustment;6NB-PCS;Term Annual;EUR,Override,512,DS 6NB-PCS Commitment 2 Years,EUR,2026-01-01T00:00:00.000+0000,DS 6NB-PCS Commitment 2 Years EUR,DS EuroZone Attribute Based Adjustment,6NB-PCS,Term Annual
DS 6NB-PCS Commitment 3 Years;DS EuroZone Attribute Based Adjustment;6NB-PCS;Term Annual;EUR,Override,431.33,DS 6NB-PCS Commitment 3 Years,EUR,2026-01-01T00:00:00.000+0000,DS 6NB-PCS Commitment 3 Years EUR,DS EuroZone Attribute Based Adjustment,6NB-PCS,Term Annual
DS 6KB-PCS-K Commitment 2 Years;DS EuroZone Attribute Based Adjustment;6KB-PCS-K;Term Annual;EUR,Override,254.95,DS 6KB-PCS-K Commitment 2 Years,EUR,2026-01-01T00:00:00.000+0000,DS 6KB-PCS-K Commitment 2 Years EUR,DS EuroZone Attribute Based Adjustment,6KB-PCS-K,Term Annual
DS 6KB-PCS-K Commitment 3 Years;DS EuroZone Attribute Based Adjustment;6KB-PCS-K;Term Annual;EUR,Override,214.77,DS 6KB-PCS-K Commitment 3 Years,EUR,2026-01-01T00:00:00.000+0000,DS 6KB-PCS-K Commitment 3 Years EUR,DS EuroZone Attribute Based Adjustment,6KB-PCS-K,Term Annual
DS 6NB-ACDEM-OC Commitment 3 Years;DS EuroZone Attribute Based Adjustment;6NB-ACDEM-OC;Term Annual;EUR,Override,14010,DS 6NB-ACDEM-OC Commitment 3 Years,EUR,2026-01-01T00:00:00.000+0000,DS 6NB-ACDEM-OC Commitment 3 Years EUR,DS EuroZone Attribute Based Adjustment,6NB-ACDEM-OC,Term Annual
DS 6NP-ASZ-OC Commitment 3 Years;DS EuroZone Attribute Based Adjustment;6NP-ASZ-OC;Term Annual;EUR,Override,4475,DS 6NP-ASZ-OC Commitment 3 Years,EUR,2026-01-01T00:00:00.000+0000,DS 6NP-ASZ-OC Commitment 3 Years EUR,DS EuroZone Attribute Based Adjustment,6NP-ASZ-OC,Term Annual
DS 6NP-BCMEC-OC Commitment 3 Years;DS EuroZone Attribute Based Adjustment;6NP-BCMEC-OC;Term Annual;EUR,Override,6351,DS 6NP-BCMEC-OC Commitment 3 Years,EUR,2026-01-01T00:00:00.000+0000,DS 6NP-BCMEC-OC Commitment 3 Years EUR,DS EuroZone Attribute Based Adjustment,6NP-BCMEC-OC,Term Annual
DS 6NP-BTZ-OC Commitment 3 Years;DS EuroZone Attribute Based Adjustment;6NP-BTZ-OC;Term Annual;EUR,Override,4475,DS 6NP-BTZ-OC Commitment 3 Years,EUR,2026-01-01T00:00:00.000+0000,DS 6NP-BTZ-OC Commitment 3 Years EUR,DS EuroZone Attribute Based Adjustment,6NP-BTZ-OC,Term Annual
DS 6NP-DCZ-OC Commitment 3 Years;DS EuroZone Attribute Based Adjustment;6NP-DCZ-OC;Term Annual;EUR,Override,2942,DS 6NP-DCZ-OC Commitment 3 Years,EUR,2026-01-01T00:00:00.000+0000,DS 6NP-DCZ-OC Commitment 3 Years EUR,DS EuroZone Attribute Based Adjustment,6NP-DCZ-OC,Term Annual
DS 6NP-ELG-OC Commitment 3 Years;DS EuroZone Attribute Based Adjustment;6NP-ELG-OC;Term Annual;EUR,Override,16730,DS 6NP-ELG-OC Commitment 3 Years,EUR,2026-01-01T00:00:00.000+0000,DS 6NP-ELG-OC Commitment 3 Years EUR,DS EuroZone Attribute Based Adjustment,6NP-ELG-OC,Term Annual
DS 6NP-SGCML-OC Commitment 3 Years;DS EuroZone Attribute Based Adjustment;6NP-SGCML-OC;Term Annual;EUR,Override,16100,DS 6NP-SGCML-OC Commitment 3 Years,EUR,2026-01-01T00:00:00.000+0000,DS 6NP-SGCML-OC Commitment 3 Years EUR,DS EuroZone Attribute Based Adjustment,6NP-SGCML-OC,Term Annual
DS 6NP-CHG-OC Commitment 3 Years;DS EuroZone Attribute Based Adjustment;6NP-CHG-OC;Term Annual;EUR,Override,596.2,DS 6NP-CHG-OC Commitment 3 Years,EUR,2026-01-01T00:00:00.000+0000,DS 6NP-CHG-OC Commitment 3 Years EUR,DS EuroZone Attribute Based Adjustment,6NP-CHG-OC,Term Annual
DS 6NP-CSV-OC Commitment 3 Years;DS EuroZone Attribute Based Adjustment;6NP-CSV-OC;Term Annual;EUR,Override,642.2,DS 6NP-CSV-OC Commitment 3 Years,EUR,2026-01-01T00:00:00.000+0000,DS 6NP-CSV-OC Commitment 3 Years EUR,DS EuroZone Attribute Based Adjustment,6NP-CSV-OC,Term Annual
DS 6NP-DPM-OC Commitment 3 Years;DS EuroZone Attribute Based Adjustment;6NP-DPM-OC;Term Annual;EUR,Override,716,DS 6NP-DPM-OC Commitment 3 Years,EUR,2026-01-01T00:00:00.000+0000,DS 6NP-DPM-OC Commitment 3 Years EUR,DS EuroZone Attribute Based Adjustment,6NP-DPM-OC,Term Annual
DS 6KB-PCS-K-OC Commitment 3 Years;DS EuroZone Attribute Based Adjustment;6KB-PCS-K-OC;Term Annual;EUR,Override,447.4,DS 6KB-PCS-K-OC Commitment 3 Years,EUR,2026-01-01T00:00:00.000+0000,DS 6KB-PCS-K-OC Commitment 3 Years EUR,DS EuroZone Attribute Based Adjustment,6KB-PCS-K-OC,Term Annual
DS 6NB-PCS-OC Commitment 3 Years;DS EuroZone Attribute Based Adjustment;6NB-PCS-OC;Term Annual;EUR,Override,898.2,DS 6NB-PCS-OC Commitment 3 Years,EUR,2026-01-01T00:00:00.000+0000,DS 6NB-PCS-OC Commitment 3 Years EUR,DS EuroZone Attribute Based Adjustment,6NB-PCS-OC,Term Annual
DS 5CC-AP2 Commitment 2 Years;DS USA Attribute Based Adjustment;5CC-AP2;Term Annual;USD,Override,14090,DS 5CC-AP2 Commitment 2 Years,USD,2026-01-01T00:00:00.000+0000,DS 5CC-AP2 Commitment 2 Years USD,DS USA Attribute Based Adjustment,5CC-AP2,Term Annual
DS 5CC-AP2 Commitment 3 Years;DS USA Attribute Based Adjustment;5CC-AP2;Term Annual;USD,Override,11993.33,DS 5CC-AP2 Commitment 3 Years,USD,2026-01-01T00:00:00.000+0000,DS 5CC-AP2 Commitment 3 Years USD,DS USA Attribute Based Adjustment,5CC-AP2,Term Annual
DS 5AP-ARW Commitment 2 Years;DS USA Attribute Based Adjustment;5AP-ARW;Term Annual;USD,Override,2500,DS 5AP-ARW Commitment 2 Years,USD,2026-01-01T00:00:00.000+0000,DS 5AP-ARW Commitment 2 Years USD,DS USA Attribute Based Adjustment,5AP-ARW,Term Annual
DS 5AP-ARW Commitment 3 Years;DS USA Attribute Based Adjustment;5AP-ARW;Term Annual;USD,Override,2126.67,DS 5AP-ARW Commitment 3 Years,USD,2026-01-01T00:00:00.000+0000,DS 5AP-ARW Commitment 3 Years USD,DS USA Attribute Based Adjustment,5AP-ARW,Term Annual
DS 5CC-BP2 Commitment 2 Years;DS USA Attribute Based Adjustment;5CC-BP2;Term Annual;USD,Override,18245,DS 5CC-BP2 Commitment 2 Years,USD,2026-01-01T00:00:00.000+0000,DS 5CC-BP2 Commitment 2 Years USD,DS USA Attribute Based Adjustment,5CC-BP2,Term Annual
DS 5CC-BP2 Commitment 3 Years;DS USA Attribute Based Adjustment;5CC-BP2;Term Annual;USD,Override,15523.33,DS 5CC-BP2 Commitment 3 Years,USD,2026-01-01T00:00:00.000+0000,DS 5CC-BP2 Commitment 3 Years USD,DS USA Attribute Based Adjustment,5CC-BP2,Term Annual
DS 5AP-DBG Commitment 2 Years;DS USA Attribute Based Adjustment;5AP-DBG;Term Annual;USD,Override,2500,DS 5AP-DBG Commitment 2 Years,USD,2026-01-01T00:00:00.000+0000,DS 5AP-DBG Commitment 2 Years USD,DS USA Attribute Based Adjustment,5AP-DBG,Term Annual
DS 5AP-DBG Commitment 3 Years;DS USA Attribute Based Adjustment;5AP-DBG;Term Annual;USD,Override,2126.67,DS 5AP-DBG Commitment 3 Years,USD,2026-01-01T00:00:00.000+0000,DS 5AP-DBG Commitment 3 Years USD,DS USA Attribute Based Adjustment,5AP-DBG,Term Annual
DS 5AB-GTS Commitment 2 Years;DS USA Attribute Based Adjustment;5AB-GTS;Term Annual;USD,Override,3416.5,DS 5AB-GTS Commitment 2 Years,USD,2026-01-01T00:00:00.000+0000,DS 5AB-GTS Commitment 2 Years USD,DS USA Attribute Based Adjustment,5AB-GTS,Term Annual
DS 5AB-GTS Commitment 3 Years;DS USA Attribute Based Adjustment;5AB-GTS;Term Annual;USD,Override,2905.67,DS 5AB-GTS Commitment 3 Years,USD,2026-01-01T00:00:00.000+0000,DS 5AB-GTS Commitment 3 Years USD,DS USA Attribute Based Adjustment,5AB-GTS,Term Annual
DS 5AP-MEC Commitment 2 Years;DS USA Attribute Based Adjustment;5AP-MEC;Term Annual;USD,Override,4488,DS 5AP-MEC Commitment 2 Years,USD,2026-01-01T00:00:00.000+0000,DS 5AP-MEC Commitment 2 Years USD,DS USA Attribute Based Adjustment,5AP-MEC,Term Annual
DS 5AP-MEC Commitment 3 Years;DS USA Attribute Based Adjustment;5AP-MEC;Term Annual;USD,Override,3813.33,DS 5AP-MEC Commitment 3 Years,USD,2026-01-01T00:00:00.000+0000,DS 5AP-MEC Commitment 3 Years USD,DS USA Attribute Based Adjustment,5AP-MEC,Term Annual
DS 5AP-MEQ Commitment 2 Years;DS USA Attribute Based Adjustment;5AP-MEQ;Term Annual;USD,Override,2135.5,DS 5AP-MEQ Commitment 2 Years,USD,2026-01-01T00:00:00.000+0000,DS 5AP-MEQ Commitment 2 Years USD,DS USA Attribute Based Adjustment,5AP-MEQ,Term Annual
DS 5AP-MEQ Commitment 3 Years;DS USA Attribute Based Adjustment;5AP-MEQ;Term Annual;USD,Override,1816.67,DS 5AP-MEQ Commitment 3 Years,USD,2026-01-01T00:00:00.000+0000,DS 5AP-MEQ Commitment 3 Years USD,DS USA Attribute Based Adjustment,5AP-MEQ,Term Annual
DS 5AP-MHA Commitment 2 Years;DS USA Attribute Based Adjustment;5AP-MHA;Term Annual;USD,Override,6405,DS 5AP-MHA Commitment 2 Years,USD,2026-01-01T00:00:00.000+0000,DS 5AP-MHA Commitment 2 Years USD,DS USA Attribute Based Adjustment,5AP-MHA,Term Annual
DS 5AP-MHA Commitment 3 Years;DS USA Attribute Based Adjustment;5AP-MHA;Term Annual;USD,Override,5453.33,DS 5AP-MHA Commitment 3 Years,USD,2026-01-01T00:00:00.000+0000,DS 5AP-MHA Commitment 3 Years USD,DS USA Attribute Based Adjustment,5AP-MHA,Term Annual
DS 5AP-MHB Commitment 2 Years;DS USA Attribute Based Adjustment;5AP-MHB;Term Annual;USD,Override,5125,DS 5AP-MHB Commitment 2 Years,USD,2026-01-01T00:00:00.000+0000,DS 5AP-MHB Commitment 2 Years USD,DS USA Attribute Based Adjustment,5AP-MHB,Term Annual
DS 5AP-MHB Commitment 3 Years;DS USA Attribute Based Adjustment;5AP-MHB;Term Annual;USD,Override,4363.33,DS 5AP-MHB Commitment 3 Years,USD,2026-01-01T00:00:00.000+0000,DS 5AP-MHB Commitment 3 Years USD,DS USA Attribute Based Adjustment,5AP-MHB,Term Annual
DS 5AP-MTR Commitment 2 Years;DS USA Attribute Based Adjustment;5AP-MTR;Term Annual;USD,Override,855,DS 5AP-MTR Commitment 2 Years,USD,2026-01-01T00:00:00.000+0000,DS 5AP-MTR Commitment 2 Years USD,DS USA Attribute Based Adjustment,5AP-MTR,Term Annual
DS 5AP-MTR Commitment 3 Years;DS USA Attribute Based Adjustment;5AP-MTR;Term Annual;USD,Override,726.33,DS 5AP-MTR Commitment 3 Years,USD,2026-01-01T00:00:00.000+0000,DS 5AP-MTR Commitment 3 Years USD,DS USA Attribute Based Adjustment,5AP-MTR,Term Annual
DS 5AP-MTT Commitment 2 Years;DS USA Attribute Based Adjustment;5AP-MTT;Term Annual;USD,Override,2249.5,DS 5AP-MTT Commitment 2 Years,USD,2026-01-01T00:00:00.000+0000,DS 5AP-MTT Commitment 2 Years USD,DS USA Attribute Based Adjustment,5AP-MTT,Term Annual
DS 5AP-MTT Commitment 3 Years;DS USA Attribute Based Adjustment;5AP-MTT;Term Annual;USD,Override,1914.67,DS 5AP-MTT Commitment 3 Years,USD,2026-01-01T00:00:00.000+0000,DS 5AP-MTT Commitment 3 Years USD,DS USA Attribute Based Adjustment,5AP-MTT,Term Annual
DS 5CC-WL2 Commitment 2 Years;DS USA Attribute Based Adjustment;5CC-WL2;Term Annual;USD,Override,18750,DS 5CC-WL2 Commitment 2 Years,USD,2026-01-01T00:00:00.000+0000,DS 5CC-WL2 Commitment 2 Years USD,DS USA Attribute Based Adjustment,5CC-WL2,Term Annual
DS 5CC-WL2 Commitment 3 Years;DS USA Attribute Based Adjustment;5CC-WL2;Term Annual;USD,Override,15943.33,DS 5CC-WL2 Commitment 3 Years,USD,2026-01-01T00:00:00.000+0000,DS 5CC-WL2 Commitment 3 Years USD,DS USA Attribute Based Adjustment,5CC-WL2,Term Annual
DS 6NB-ACDEM Commitment 2 Years;DS USA Attribute Based Adjustment;6NB-ACDEM;Term Annual;USD,Override,7990,DS 6NB-ACDEM Commitment 2 Years,USD,2026-01-01T00:00:00.000+0000,DS 6NB-ACDEM Commitment 2 Years USD,DS USA Attribute Based Adjustment,6NB-ACDEM,Term Annual
DS 6NB-ACDEM Commitment 3 Years;DS USA Attribute Based Adjustment;6NB-ACDEM;Term Annual;USD,Override,6730,DS 6NB-ACDEM Commitment 3 Years,USD,2026-01-01T00:00:00.000+0000,DS 6NB-ACDEM Commitment 3 Years USD,DS USA Attribute Based Adjustment,6NB-ACDEM,Term Annual
DS 6NP-ASZ Commitment 2 Years;DS USA Attribute Based Adjustment;6NP-ASZ;Term Annual;USD,Override,2550.5,DS 6NP-ASZ Commitment 2 Years,USD,2026-01-01T00:00:00.000+0000,DS 6NP-ASZ Commitment 2 Years USD,DS USA Attribute Based Adjustment,6NP-ASZ,Term Annual
DS 6NP-ASZ Commitment 3 Years;DS USA Attribute Based Adjustment;6NP-ASZ;Term Annual;USD,Override,2148,DS 6NP-ASZ Commitment 3 Years,USD,2026-01-01T00:00:00.000+0000,DS 6NP-ASZ Commitment 3 Years USD,DS USA Attribute Based Adjustment,6NP-ASZ,Term Annual
DS 6NP-BCMEC Commitment 2 Years;DS USA Attribute Based Adjustment;6NP-BCMEC;Term Annual;USD,Override,3620,DS 6NP-BCMEC Commitment 2 Years,USD,2026-01-01T00:00:00.000+0000,DS 6NP-BCMEC Commitment 2 Years USD,DS USA Attribute Based Adjustment,6NP-BCMEC,Term Annual
DS 6NP-BCMEC Commitment 3 Years;DS USA Attribute Based Adjustment;6NP-BCMEC;Term Annual;USD,Override,3048.67,DS 6NP-BCMEC Commitment 3 Years,USD,2026-01-01T00:00:00.000+0000,DS 6NP-BCMEC Commitment 3 Years USD,DS USA Attribute Based Adjustment,6NP-BCMEC,Term Annual
DS 6NP-BODET Commitment 2 Years;DS USA Attribute Based Adjustment;6NP-BODET;Term Annual;USD,Override,9860,DS 6NP-BODET Commitment 2 Years,USD,2026-01-01T00:00:00.000+0000,DS 6NP-BODET Commitment 2 Years USD,DS USA Attribute Based Adjustment,6NP-BODET,Term Annual
DS 6NP-BODET Commitment 3 Years;DS USA Attribute Based Adjustment;6NP-BODET;Term Annual;USD,Override,8303.33,DS 6NP-BODET Commitment 3 Years,USD,2026-01-01T00:00:00.000+0000,DS 6NP-BODET Commitment 3 Years USD,DS USA Attribute Based Adjustment,6NP-BODET,Term Annual
DS 6NP-BTZ Commitment 2 Years;DS USA Attribute Based Adjustment;6NP-BTZ;Term Annual;USD,Override,2550.5,DS 6NP-BTZ Commitment 2 Years,USD,2026-01-01T00:00:00.000+0000,DS 6NP-BTZ Commitment 2 Years USD,DS USA Attribute Based Adjustment,6NP-BTZ,Term Annual
DS 6NP-BTZ Commitment 3 Years;DS USA Attribute Based Adjustment;6NP-BTZ;Term Annual;USD,Override,2148,DS 6NP-BTZ Commitment 3 Years,USD,2026-01-01T00:00:00.000+0000,DS 6NP-BTZ Commitment 3 Years USD,DS USA Attribute Based Adjustment,6NP-BTZ,Term Annual
DS 6NP-DCZ Commitment 2 Years;DS USA Attribute Based Adjustment;6NP-DCZ;Term Annual;USD,Override,1677,DS 6NP-DCZ Commitment 2 Years,USD,2026-01-01T00:00:00.000+0000,DS 6NP-DCZ Commitment 2 Years USD,DS USA Attribute Based Adjustment,6NP-DCZ,Term Annual
DS 6NP-DCZ Commitment 3 Years;DS USA Attribute Based Adjustment;6NP-DCZ;Term Annual;USD,Override,1412,DS 6NP-DCZ Commitment 3 Years,USD,2026-01-01T00:00:00.000+0000,DS 6NP-DCZ Commitment 3 Years USD,DS USA Attribute Based Adjustment,6NP-DCZ,Term Annual
DS 6NP-ELG Commitment 2 Years;DS USA Attribute Based Adjustment;6NP-ELG;Term Annual;USD,Override,9530,DS 6NP-ELG Commitment 2 Years,USD,2026-01-01T00:00:00.000+0000,DS 6NP-ELG Commitment 2 Years USD,DS USA Attribute Based Adjustment,6NP-ELG,Term Annual
DS 6NP-ELG Commitment 3 Years;DS USA Attribute Based Adjustment;6NP-ELG;Term Annual;USD,Override,8030,DS 6NP-ELG Commitment 3 Years,USD,2026-01-01T00:00:00.000+0000,DS 6NP-ELG Commitment 3 Years USD,DS USA Attribute Based Adjustment,6NP-ELG,Term Annual
DS 6NP-SGCML Commitment 2 Years;DS USA Attribute Based Adjustment;6NP-SGCML;Term Annual;USD,Override,9185,DS 6NP-SGCML Commitment 2 Years,USD,2026-01-01T00:00:00.000+0000,DS 6NP-SGCML Commitment 2 Years USD,DS USA Attribute Based Adjustment,6NP-SGCML,Term Annual
DS 6NP-SGCML Commitment 3 Years;DS USA Attribute Based Adjustment;6NP-SGCML;Term Annual;USD,Override,7733.33,DS 6NP-SGCML Commitment 3 Years,USD,2026-01-01T00:00:00.000+0000,DS 6NP-SGCML Commitment 3 Years USD,DS USA Attribute Based Adjustment,6NP-SGCML,Term Annual
DS 6NP-CHG Commitment 2 Years;DS USA Attribute Based Adjustment;6NP-CHG;Term Annual;USD,Override,339.9,DS 6NP-CHG Commitment 2 Years,USD,2026-01-01T00:00:00.000+0000,DS 6NP-CHG Commitment 2 Years USD,DS USA Attribute Based Adjustment,6NP-CHG,Term Annual
DS 6NP-CHG Commitment 3 Years;DS USA Attribute Based Adjustment;6NP-CHG;Term Annual;USD,Override,286.17,DS 6NP-CHG Commitment 3 Years,USD,2026-01-01T00:00:00.000+0000,DS 6NP-CHG Commitment 3 Years USD,DS USA Attribute Based Adjustment,6NP-CHG,Term Annual
DS 6NP-CSV Commitment 2 Years;DS USA Attribute Based Adjustment;6NP-CSV;Term Annual;USD,Override,366,DS 6NP-CSV Commitment 2 Years,USD,2026-01-01T00:00:00.000+0000,DS 6NP-CSV Commitment 2 Years USD,DS USA Attribute Based Adjustment,6NP-CSV,Term Annual
DS 6NP-CSV Commitment 3 Years;DS USA Attribute Based Adjustment;6NP-CSV;Term Annual;USD,Override,305.1,DS 6NP-CSV Commitment 3 Years,USD,2026-01-01T00:00:00.000+0000,DS 6NP-CSV Commitment 3 Years USD,DS USA Attribute Based Adjustment,6NP-CSV,Term Annual
DS 6NP-DPM Commitment 2 Years;DS USA Attribute Based Adjustment;6NP-DPM;Term Annual;USD,Override,408.1,DS 6NP-DPM Commitment 2 Years,USD,2026-01-01T00:00:00.000+0000,DS 6NP-DPM Commitment 2 Years USD,DS USA Attribute Based Adjustment,6NP-DPM,Term Annual
DS 6NP-DPM Commitment 3 Years;DS USA Attribute Based Adjustment;6NP-DPM;Term Annual;USD,Override,343.67,DS 6NP-DPM Commitment 3 Years,USD,2026-01-01T00:00:00.000+0000,DS 6NP-DPM Commitment 3 Years USD,DS USA Attribute Based Adjustment,6NP-DPM,Term Annual
DS 6NB-PCS Commitment 2 Years;DS USA Attribute Based Adjustment;6NB-PCS;Term Annual;USD,Override,512,DS 6NB-PCS Commitment 2 Years,USD,2026-01-01T00:00:00.000+0000,DS 6NB-PCS Commitment 2 Years USD,DS USA Attribute Based Adjustment,6NB-PCS,Term Annual
DS 6NB-PCS Commitment 3 Years;DS USA Attribute Based Adjustment;6NB-PCS;Term Annual;USD,Override,431.33,DS 6NB-PCS Commitment 3 Years,USD,2026-01-01T00:00:00.000+0000,DS 6NB-PCS Commitment 3 Years USD,DS USA Attribute Based Adjustment,6NB-PCS,Term Annual
DS 6KB-PCS-K Commitment 2 Years;DS USA Attribute Based Adjustment;6KB-PCS-K;Term Annual;USD,Override,254.95,DS 6KB-PCS-K Commitment 2 Years,USD,2026-01-01T00:00:00.000+0000,DS 6KB-PCS-K Commitment 2 Years USD,DS USA Attribute Based Adjustment,6KB-PCS-K,Term Annual
DS 6KB-PCS-K Commitment 3 Years;DS USA Attribute Based Adjustment;6KB-PCS-K;Term Annual;USD,Override,214.77,DS 6KB-PCS-K Commitment 3 Years,USD,2026-01-01T00:00:00.000+0000,DS 6KB-PCS-K Commitment 3 Years USD,DS USA Attribute Based Adjustment,6KB-PCS-K,Term Annual
DS 6NB-ACDEM-OC Commitment 3 Years;DS USA Attribute Based Adjustment;6NB-ACDEM-OC;Term Annual;USD,Override,14010,DS 6NB-ACDEM-OC Commitment 3 Years,USD,2026-01-01T00:00:00.000+0000,DS 6NB-ACDEM-OC Commitment 3 Years USD,DS USA Attribute Based Adjustment,6NB-ACDEM-OC,Term Annual
DS 6NP-ASZ-OC Commitment 3 Years;DS USA Attribute Based Adjustment;6NP-ASZ-OC;Term Annual;USD,Override,4475,DS 6NP-ASZ-OC Commitment 3 Years,USD,2026-01-01T00:00:00.000+0000,DS 6NP-ASZ-OC Commitment 3 Years USD,DS USA Attribute Based Adjustment,6NP-ASZ-OC,Term Annual
DS 6NP-BCMEC-OC Commitment 3 Years;DS USA Attribute Based Adjustment;6NP-BCMEC-OC;Term Annual;USD,Override,6351,DS 6NP-BCMEC-OC Commitment 3 Years,USD,2026-01-01T00:00:00.000+0000,DS 6NP-BCMEC-OC Commitment 3 Years USD,DS USA Attribute Based Adjustment,6NP-BCMEC-OC,Term Annual
DS 6NP-BTZ-OC Commitment 3 Years;DS USA Attribute Based Adjustment;6NP-BTZ-OC;Term Annual;USD,Override,4475,DS 6NP-BTZ-OC Commitment 3 Years,USD,2026-01-01T00:00:00.000+0000,DS 6NP-BTZ-OC Commitment 3 Years USD,DS USA Attribute Based Adjustment,6NP-BTZ-OC,Term Annual
DS 6NP-DCZ-OC Commitment 3 Years;DS USA Attribute Based Adjustment;6NP-DCZ-OC;Term Annual;USD,Override,2942,DS 6NP-DCZ-OC Commitment 3 Years,USD,2026-01-01T00:00:00.000+0000,DS 6NP-DCZ-OC Commitment 3 Years USD,DS USA Attribute Based Adjustment,6NP-DCZ-OC,Term Annual
DS 6NP-ELG-OC Commitment 3 Years;DS USA Attribute Based Adjustment;6NP-ELG-OC;Term Annual;USD,Override,16730,DS 6NP-ELG-OC Commitment 3 Years,USD,2026-01-01T00:00:00.000+0000,DS 6NP-ELG-OC Commitment 3 Years USD,DS USA Attribute Based Adjustment,6NP-ELG-OC,Term Annual
DS 6NP-SGCML-OC Commitment 3 Years;DS USA Attribute Based Adjustment;6NP-SGCML-OC;Term Annual;USD,Override,16100,DS 6NP-SGCML-OC Commitment 3 Years,USD,2026-01-01T00:00:00.000+0000,DS 6NP-SGCML-OC Commitment 3 Years USD,DS USA Attribute Based Adjustment,6NP-SGCML-OC,Term Annual
DS 6NP-CHG-OC Commitment 3 Years;DS USA Attribute Based Adjustment;6NP-CHG-OC;Term Annual;USD,Override,596.2,DS 6NP-CHG-OC Commitment 3 Years,USD,2026-01-01T00:00:00.000+0000,DS 6NP-CHG-OC Commitment 3 Years USD,DS USA Attribute Based Adjustment,6NP-CHG-OC,Term Annual
DS 6NP-CSV-OC Commitment 3 Years;DS USA Attribute Based Adjustment;6NP-CSV-OC;Term Annual;USD,Override,642.2,DS 6NP-CSV-OC Commitment 3 Years,USD,2026-01-01T00:00:00.000+0000,DS 6NP-CSV-OC Commitment 3 Years USD,DS USA Attribute Based Adjustment,6NP-CSV-OC,Term Annual
DS 6NP-DPM-OC Commitment 3 Years;DS USA Attribute Based Adjustment;6NP-DPM-OC;Term Annual;USD,Override,716,DS 6NP-DPM-OC Commitment 3 Years,USD,2026-01-01T00:00:00.000+0000,DS 6NP-DPM-OC Commitment 3 Years USD,DS USA Attribute Based Adjustment,6NP-DPM-OC,Term Annual
DS 6KB-PCS-K-OC Commitment 3 Years;DS USA Attribute Based Adjustment;6KB-PCS-K-OC;Term Annual;USD,Override,447.4,DS 6KB-PCS-K-OC Commitment 3 Years,USD,2026-01-01T00:00:00.000+0000,DS 6KB-PCS-K-OC Commitment 3 Years USD,DS USA Attribute Based Adjustment,6KB-PCS-K-OC,Term Annual
DS 6NB-PCS-OC Commitment 3 Years;DS USA Attribute Based Adjustment;6NB-PCS-OC;Term Annual;USD,Override,898.2,DS 6NB-PCS-OC Commitment 3 Years,USD,2026-01-01T00:00:00.000+0000,DS 6NB-PCS-OC Commitment 3 Years USD,DS USA Attribute Based Adjustment,6NB-PCS-OC,Term Annual
